Workbook

Sheet Dashboard
B1: EMBASSY OUTREACH - LEADERSHIP DASHBOARD
B3: ="Status as at "&TEXT(Analysis!B3,"dd mmm yyyy")&" | Source: cleaned Embassy Outreach Database ("&COUNTA(Clean_Data!A2:A500)&" embassies) | Illustrative sample data" -> Status as at 05 Oct 2026 | Source: cleaned Embassy Outreach Database (84 embassies) | Illustrative sample data
B5: TOTAL EMBASSIES | E5: CONTACTED | H5: FULLY ENGAGED | K5: LIVE PIPELINE | N5: OVERDUE FOLLOW-UPS | Q5: STALE (NO CONTACT)
B6: =COUNTA(Clean_Data!$A$2:$A$500) -> 84 | E6: =COUNTA(Clean_Data!$A$2:$A$500)-Analysis!B9 -> 74 | H6: =Analysis!B13 -> 19 | K6: =SUM(Clean_Data!Q2:Q500) -> 59 | N6: =SUM(Clean_Data!S2:S500) -> 30 | Q6: =SUM(Clean_Data!T2:T500) -> 13
B7: ="across "&COUNTA(Lists!C2:C7)&" regions" -> across 6 regions | E7: =TEXT(IF(B6=0,0,E6/B6),"0%")&" of all embassies" -> 88% of all embassies | H7: =TEXT(IF(E6=0,0,H6/E6),"0%")&" of contacted" -> 26% of contacted | K7: ="initial, discussion, meeting, engaged" -> initial, discussion, meeting, engaged | N7: =TEXT(IF(K6=0,0,N6/K6),"0%")&" of live pipeline" -> 51% of live pipeline | Q7: ="live, no contact "&Analysis!B4&"+ days" -> live, no contact 90+ days
B9: KEY INSIGHTS
B10: ="Reach: "&E6&" of "&B6&" embassies ("&TEXT(E6/B6,"0%")&") have been contacted; "&H6&" are fully engaged ("&TEXT(H6/B6,"0%")&" of all embassies) and "&Analysis!B9&" have not been approached yet." -> Reach: 74 of 84 embassies (88%) have been contacted; 19 are fully engaged (23% of all embassies) and 10 have not been approached yet.
B11: ="Regions: highest engagement rate is "&INDEX(Analysis!$A$28:$A$33,MATCH(MAX(Analysis!$J$28:$J$33),Analysis!$J$28:$J$33,0))&" ("&TEXT(MAX(Analysis!$J$28:$J$33),"0%")&"); lowest is "&INDEX(Analysis!$A$28:$A$33,MATCH(MIN(Analysis!$J$28:$J$33),Analysis!$J$28:$J$33,0))&" ("&TEXT(MIN(Analysis!$J$28:$J$33),"0%")&"). Overall: "&TEXT(Analysis!J34,"0%")&"." -> Regions: highest engagement rate is Sub-Saharan Africa (36%); lowest is South & Central Asia (13%). Overall: 23%.
B12: ="Follow-up discipline: "&N6&" of "&K6&" live embassies ("&TEXT(IF(K6=0,0,N6/K6),"0%")&") have an overdue follow-up and "&Q6&" have had no contact for "&Analysis!B4&"+ days - these need action first (see priority list)." -> Follow-up discipline: 30 of 59 live embassies (51%) have an overdue follow-up and 13 have had no contact for 90+ days - these need action first (see priority list).
B13: ="Ownership & data: "&Analysis!B45&" embassies have no assigned owner; "&TEXT('Data Quality Review'!E5,"0%")&" of raw records were free of data-quality issues - see the Data Quality Review sheet." -> Ownership & data: 8 embassies have no assigned owner; 21% of raw records were free of data-quality issues - see the Data Quality Review sheet.
B15: PIPELINE & ENGAGEMENT
B32: REGIONAL & TEAM VIEW
B66: REGIONAL SCORECARD
B67: Region | F67: Embassies | G67: Contacted | H67: Engaged | I67: Engaged % | J67: High Engage-ment | K67: Avg Interact-ions | L67: Overdue | M67: Stale | N67: No Owner | O67: Not Started | P67: Assessment
B68: =Analysis!A28 -> Europe | F68: =Analysis!B28 -> 20 | G68: =Analysis!P28 -> 16 | H68: =Analysis!G28 -> 3 | I68: =Analysis!J28 -> 0.15 | J68: =Analysis!K28 -> 3 | K68: =Analysis!L28 -> 6.2142857 | L68: =Analysis!M28 -> 6 | M68: =Analysis!N28 -> 4 | N68: =Analysis!O28 -> 1 | O68: =Analysis!C28 -> 4 | P68: =IF(I68<$I$74,"Below average engagement",IF(L68+M68>=3,"Engaged but needs follow-up","On track")) -> Below average engagement
B69: =Analysis!A29 -> Asia-Pacific | F69: =Analysis!B29 -> 14 | G69: =Analysis!P29 -> 13 | H69: =Analysis!G29 -> 3 | I69: =Analysis!J29 -> 0.21428571 | J69: =Analysis!K29 -> 2 | K69: =Analysis!L29 -> 5.0769231 | L69: =Analysis!M29 -> 7 | M69: =Analysis!N29 -> 1 | N69: =Analysis!O29 -> 2 | O69: =Analysis!C29 -> 1 | P69: =IF(I69<$I$74,"Below average engagement",IF(L69+M69>=3,"Engaged but needs follow-up","On track")) -> Below average engagement
B70: =Analysis!A30 -> Middle East & North Africa | F70: =Analysis!B30 -> 14 | G70: =Analysis!P30 -> 14 | H70: =Analysis!G30 -> 4 | I70: =Analysis!J30 -> 0.28571429 | J70: =Analysis!K30 -> 5 | K70: =Analysis!L30 -> 6.2307692 | L70: =Analysis!M30 -> 2 | M70: =Analysis!N30 -> 1 | N70: =Analysis!O30 -> 1 | O70: =Analysis!C30 -> 0 | P70: =IF(I70<$I$74,"Below average engagement",IF(L70+M70>=3,"Engaged but needs follow-up","On track")) -> Engaged but needs follow-up
B71: =Analysis!A31 -> Sub-Saharan Africa | F71: =Analysis!B31 -> 14 | G71: =Analysis!P31 -> 12 | H71: =Analysis!G31 -> 5 | I71: =Analysis!J31 -> 0.35714286 | J71: =Analysis!K31 -> 5 | K71: =Analysis!L31 -> 7.0909091 | L71: =Analysis!M31 -> 7 | M71: =Analysis!N31 -> 4 | N71: =Analysis!O31 -> 2 | O71: =Analysis!C31 -> 2 | P71: =IF(I71<$I$74,"Below average engagement",IF(L71+M71>=3,"Engaged but needs follow-up","On track")) -> Engaged but needs follow-up
B72: =Analysis!A32 -> Americas | F72: =Analysis!B32 -> 14 | G72: =Analysis!P32 -> 12 | H72: =Analysis!G32 -> 3 | I72: =Analysis!J32 -> 0.21428571 | J72: =Analysis!K32 -> 1 | K72: =Analysis!L32 -> 5.2727273 | L72: =Analysis!M32 -> 4 | M72: =Analysis!N32 -> 1 | N72: =Analysis!O32 -> 2 | O72: =Analysis!C32 -> 2 | P72: =IF(I72<$I$74,"Below average engagement",IF(L72+M72>=3,"Engaged but needs follow-up","On track")) -> Below average engagement
B73: =Analysis!A33 -> South & Central Asia | F73: =Analysis!B33 -> 8 | G73: =Analysis!P33 -> 7 | H73: =Analysis!G33 -> 1 | I73: =Analysis!J33 -> 0.125 | J73: =Analysis!K33 -> 1 | K73: =Analysis!L33 -> 5 | L73: =Analysis!M33 -> 4 | M73: =Analysis!N33 -> 2 | N73: =Analysis!O33 -> 0 | O73: =Analysis!C33 -> 1 | P73: =IF(I73<$I$74,"Below average engagement",IF(L73+M73>=3,"Engaged but needs follow-up","On track")) -> Below average engagement
B74: =Analysis!A34 -> Total | F74: =Analysis!B34 -> 84 | G74: =Analysis!P34 -> 74 | H74: =Analysis!G34 -> 19 | I74: =Analysis!J34 -> 0.22619048 | J74: =Analysis!K34 -> 17 | K74: =Analysis!L34 -> 5.8823529 | L74: =Analysis!M34 -> 30 | M74: =Analysis!N34 -> 13 | N74: =Analysis!O34 -> 8 | O74: =Analysis!C34 -> 10 | P74: Overall
B76: PRIORITY ATTENTION LIST - live embassies needing action first (ranked by Priority Score)
B77: # | C77: Embassy | E77: Region | H77: Status | J77: Owner | L77: Engage-ment | M77: Days since contact | N77: Next follow-up | O77: Issues
B78: 1 | C78: =IFERROR(INDEX(Clean_Data!$B$2:$B$500,MATCH($T78,Clean_Data!$A$2:$A$500,0))&"","") -> Ghana | E78: =IFERROR(INDEX(Clean_Data!$C$2:$C$500,MATCH($T78,Clean_Data!$A$2:$A$500,0))&"","") -> Sub-Saharan Africa | H78: =IFERROR(INDEX(Clean_Data!$H$2:$H$500,MATCH($T78,Clean_Data!$A$2:$A$500,0))&"","") -> Engaged | J78: =IFERROR(INDEX(Clean_Data!$I$2:$I$500,MATCH($T78,Clean_Data!$A$2:$A$500,0))&"","") -> Anita Deshmukh | L78: =IFERROR(INDEX(Clean_Data!$N$2:$N$500,MATCH($T78,Clean_Data!$A$2:$A$500,0))&"","") -> High | M78: =IFERROR(INDEX(Clean_Data!$R$2:$R$500,MATCH($T78,Clean_Data!$A$2:$A$500,0)),"") -> 330 | N78: =IFERROR(INDEX(Clean_Data!$L$2:$L$500,MATCH($T78,Clean_Data!$A$2:$A$500,0)),"") -> 46290 | O78: =IFERROR(INDEX(Clean_Data!$AB$2:$AB$500,MATCH($T78,Clean_Data!$A$2:$A$500,0))&"","") -> Follow-up overdue. No contact 90+ days. Date error (last < first). | T78: EMB-053
B79: 2 | C79: =IFERROR(INDEX(Clean_Data!$B$2:$B$500,MATCH($T79,Clean_Data!$A$2:$A$500,0))&"","") -> Ethiopia | E79: =IFERROR(INDEX(Clean_Data!$C$2:$C$500,MATCH($T79,Clean_Data!$A$2:$A$500,0))&"","") -> Sub-Saharan Africa | H79: =IFERROR(INDEX(Clean_Data!$H$2:$H$500,MATCH($T79,Clean_Data!$A$2:$A$500,0))&"","") -> Engaged | J79: =IFERROR(INDEX(Clean_Data!$I$2:$I$500,MATCH($T79,Clean_Data!$A$2:$A$500,0))&"","") -> Neha Kulkarni | L79: =IFERROR(INDEX(Clean_Data!$N$2:$N$500,MATCH($T79,Clean_Data!$A$2:$A$500,0))&"","") -> High | M79: =IFERROR(INDEX(Clean_Data!$R$2:$R$500,MATCH($T79,Clean_Data!$A$2:$A$500,0)),"") -> 227 | N79: =IFERROR(INDEX(Clean_Data!$L$2:$L$500,MATCH($T79,Clean_Data!$A$2:$A$500,0)),"") -> 46090 | O79: =IFERROR(INDEX(Clean_Data!$AB$2:$AB$500,MATCH($T79,Clean_Data!$A$2:$A$500,0))&"","") -> Follow-up overdue. No contact 90+ days. | T79: EMB-052
B80: 3 | C80: =IFERROR(INDEX(Clean_Data!$B$2:$B$500,MATCH($T80,Clean_Data!$A$2:$A$500,0))&"","") -> Russia | E80: =IFERROR(INDEX(Clean_Data!$C$2:$C$500,MATCH($T80,Clean_Data!$A$2:$A$500,0))&"","") -> Europe | H80: =IFERROR(INDEX(Clean_Data!$H$2:$H$500,MATCH($T80,Clean_Data!$A$2:$A$500,0))&"","") -> Engaged | J80: =IFERROR(INDEX(Clean_Data!$I$2:$I$500,MATCH($T80,Clean_Data!$A$2:$A$500,0))&"","") -> Neha Kulkarni | L80: =IFERROR(INDEX(Clean_Data!$N$2:$N$500,MATCH($T80,Clean_Data!$A$2:$A$500,0))&"","") -> High | M80: =IFERROR(INDEX(Clean_Data!$R$2:$R$500,MATCH($T80,Clean_Data!$A$2:$A$500,0)),"") -> 217 | N80: =IFERROR(INDEX(Clean_Data!$L$2:$L$500,MATCH($T80,Clean_Data!$A$2:$A$500,0)),"") -> 46122 | O80: =IFERROR(INDEX(Clean_Data!$AB$2:$AB$500,MATCH($T80,Clean_Data!$A$2:$A$500,0))&"","") -> Follow-up overdue. No contact 90+ days. | T80: EMB-020
B81: 4 | C81: =IFERROR(INDEX(Clean_Data!$B$2:$B$500,MATCH($T81,Clean_Data!$A$2:$A$500,0))&"","") -> Indonesia | E81: =IFERROR(INDEX(Clean_Data!$C$2:$C$500,MATCH($T81,Clean_Data!$A$2:$A$500,0))&"","") -> Asia-Pacific | H81: =IFERROR(INDEX(Clean_Data!$H$2:$H$500,MATCH($T81,Clean_Data!$A$2:$A$500,0))&"","") -> Initial Contact | J81: =IFERROR(INDEX(Clean_Data!$I$2:$I$500,MATCH($T81,Clean_Data!$A$2:$A$500,0))&"","") | L81: =IFERROR(INDEX(Clean_Data!$N$2:$N$500,MATCH($T81,Clean_Data!$A$2:$A$500,0))&"","") -> Medium | M81: =IFERROR(INDEX(Clean_Data!$R$2:$R$500,MATCH($T81,Clean_Data!$A$2:$A$500,0)),"") -> 127 | N81: =IFERROR(INDEX(Clean_Data!$L$2:$L$500,MATCH($T81,Clean_Data!$A$2:$A$500,0)),"") -> 46228 | O81: =IFERROR(INDEX(Clean_Data!$AB$2:$AB$500,MATCH($T81,Clean_Data!$A$2:$A$500,0))&"","") -> Follow-up overdue. No contact 90+ days. No owner. | T81: EMB-024
B82: 5 | C82: =IFERROR(INDEX(Clean_Data!$B$2:$B$500,MATCH($T82,Clean_Data!$A$2:$A$500,0))&"","") -> Ireland | E82: =IFERROR(INDEX(Clean_Data!$C$2:$C$500,MATCH($T82,Clean_Data!$A$2:$A$500,0))&"","") -> Europe | H82: =IFERROR(INDEX(Clean_Data!$H$2:$H$500,MATCH($T82,Clean_Data!$A$2:$A$500,0))&"","") -> In Discussion | J82: =IFERROR(INDEX(Clean_Data!$I$2:$I$500,MATCH($T82,Clean_Data!$A$2:$A$500,0))&"","") -> Sameer Khan | L82: =IFERROR(INDEX(Clean_Data!$N$2:$N$500,MATCH($T82,Clean_Data!$A$2:$A$500,0))&"","") -> Medium | M82: =IFERROR(INDEX(Clean_Data!$R$2:$R$500,MATCH($T82,Clean_Data!$A$2:$A$500,0)),"") -> 213 | N82: =IFERROR(INDEX(Clean_Data!$L$2:$L$500,MATCH($T82,Clean_Data!$A$2:$A$500,0)),"") -> 46128 | O82: =IFERROR(INDEX(Clean_Data!$AB$2:$AB$500,MATCH($T82,Clean_Data!$A$2:$A$500,0))&"","") -> Follow-up overdue. No contact 90+ days. | T82: EMB-018
B83: 6 | C83: =IFERROR(INDEX(Clean_Data!$B$2:$B$500,MATCH($T83,Clean_Data!$A$2:$A$500,0))&"","") -> Nigeria | E83: =IFERROR(INDEX(Clean_Data!$C$2:$C$500,MATCH($T83,Clean_Data!$A$2:$A$500,0))&"","") -> Sub-Saharan Africa | H83: =IFERROR(INDEX(Clean_Data!$H$2:$H$500,MATCH($T83,Clean_Data!$A$2:$A$500,0))&"","") -> Engaged | J83: =IFERROR(INDEX(Clean_Data!$I$2:$I$500,MATCH($T83,Clean_Data!$A$2:$A$500,0))&"","") -> Arjun Mehta | L83: =IFERROR(INDEX(Clean_Data!$N$2:$N$500,MATCH($T83,Clean_Data!$A$2:$A$500,0))&"","") -> Medium | M83: =IFERROR(INDEX(Clean_Data!$R$2:$R$500,MATCH($T83,Clean_Data!$A$2:$A$500,0)),"") -> 140 | N83: =IFERROR(INDEX(Clean_Data!$L$2:$L$500,MATCH($T83,Clean_Data!$A$2:$A$500,0)),"") -> 46203 | O83: =IFERROR(INDEX(Clean_Data!$AB$2:$AB$500,MATCH($T83,Clean_Data!$A$2:$A$500,0))&"","") -> Follow-up overdue. No contact 90+ days. Remarks conflict with status. | T83: EMB-050
B84: 7 | C84: =IFERROR(INDEX(Clean_Data!$B$2:$B$500,MATCH($T84,Clean_Data!$A$2:$A$500,0))&"","") -> Iraq | E84: =IFERROR(INDEX(Clean_Data!$C$2:$C$500,MATCH($T84,Clean_Data!$A$2:$A$500,0))&"","") -> Middle East & North Africa | H84: =IFERROR(INDEX(Clean_Data!$H$2:$H$500,MATCH($T84,Clean_Data!$A$2:$A$500,0))&"","") -> In Discussion | J84: =IFERROR(INDEX(Clean_Data!$I$2:$I$500,MATCH($T84,Clean_Data!$A$2:$A$500,0))&"","") -> Sameer Khan | L84: =IFERROR(INDEX(Clean_Data!$N$2:$N$500,MATCH($T84,Clean_Data!$A$2:$A$500,0))&"","") -> Medium | M84: =IFERROR(INDEX(Clean_Data!$R$2:$R$500,MATCH($T84,Clean_Data!$A$2:$A$500,0)),"") -> 131 | N84: =IFERROR(INDEX(Clean_Data!$L$2:$L$500,MATCH($T84,Clean_Data!$A$2:$A$500,0)),"") -> 46210 | O84: =IFERROR(INDEX(Clean_Data!$AB$2:$AB$500,MATCH($T84,Clean_Data!$A$2:$A$500,0))&"","") -> Follow-up overdue. No contact 90+ days. | T84: EMB-042
B85: 8 | C85: =IFERROR(INDEX(Clean_Data!$B$2:$B$500,MATCH($T85,Clean_Data!$A$2:$A$500,0))&"","") -> Maldives | E85: =IFERROR(INDEX(Clean_Data!$C$2:$C$500,MATCH($T85,Clean_Data!$A$2:$A$500,0))&"","") -> South & Central Asia | H85: =IFERROR(INDEX(Clean_Data!$H$2:$H$500,MATCH($T85,Clean_Data!$A$2:$A$500,0))&"","") -> In Discussion | J85: =IFERROR(INDEX(Clean_Data!$I$2:$I$500,MATCH($T85,Clean_Data!$A$2:$A$500,0))&"","") -> Arjun Mehta | L85: =IFERROR(INDEX(Clean_Data!$N$2:$N$500,MATCH($T85,Clean_Data!$A$2:$A$500,0))&"","") -> Medium | M85: =IFERROR(INDEX(Clean_Data!$R$2:$R$500,MATCH($T85,Clean_Data!$A$2:$A$500,0)),"") -> 107 | N85: =IFERROR(INDEX(Clean_Data!$L$2:$L$500,MATCH($T85,Clean_Data!$A$2:$A$500,0)),"") -> 46242 | O85: =IFERROR(INDEX(Clean_Data!$AB$2:$AB$500,MATCH($T85,Clean_Data!$A$2:$A$500,0))&"","") -> Follow-up overdue. No contact 90+ days. | T85: EMB-081
B86: 9 | C86: =IFERROR(INDEX(Clean_Data!$B$2:$B$500,MATCH($T86,Clean_Data!$A$2:$A$500,0))&"","") -> Denmark | E86: =IFERROR(INDEX(Clean_Data!$C$2:$C$500,MATCH($T86,Clean_Data!$A$2:$A$500,0))&"","") -> Europe | H86: =IFERROR(INDEX(Clean_Data!$H$2:$H$500,MATCH($T86,Clean_Data!$A$2:$A$500,0))&"","") -> Meeting Scheduled | J86: =IFERROR(INDEX(Clean_Data!$I$2:$I$500,MATCH($T86,Clean_Data!$A$2:$A$500,0))&"","") -> Sameer Khan | L86: =IFERROR(INDEX(Clean_Data!$N$2:$N$500,MATCH($T86,Clean_Data!$A$2:$A$500,0))&"","") -> Medium | M86: =IFERROR(INDEX(Clean_Data!$R$2:$R$500,MATCH($T86,Clean_Data!$A$2:$A$500,0)),"") -> 105 | N86: =IFERROR(INDEX(Clean_Data!$L$2:$L$500,MATCH($T86,Clean_Data!$A$2:$A$500,0)),"") -> 46215 | O86: =IFERROR(INDEX(Clean_Data!$AB$2:$AB$500,MATCH($T86,Clean_Data!$A$2:$A$500,0))&"","") -> Follow-up overdue. No contact 90+ days. | T86: EMB-012
B87: 10 | C87: =IFERROR(INDEX(Clean_Data!$B$2:$B$500,MATCH($T87,Clean_Data!$A$2:$A$500,0))&"","") -> Peru | E87: =IFERROR(INDEX(Clean_Data!$C$2:$C$500,MATCH($T87,Clean_Data!$A$2:$A$500,0))&"","") -> Americas | H87: =IFERROR(INDEX(Clean_Data!$H$2:$H$500,MATCH($T87,Clean_Data!$A$2:$A$500,0))&"","") -> Initial Contact | J87: =IFERROR(INDEX(Clean_Data!$I$2:$I$500,MATCH($T87,Clean_Data!$A$2:$A$500,0))&"","") -> Priya Nair | L87: =IFERROR(INDEX(Clean_Data!$N$2:$N$500,MATCH($T87,Clean_Data!$A$2:$A$500,0))&"","") -> Low | M87: =IFERROR(INDEX(Clean_Data!$R$2:$R$500,MATCH($T87,Clean_Data!$A$2:$A$500,0)),"") -> 224 | N87: =IFERROR(INDEX(Clean_Data!$L$2:$L$500,MATCH($T87,Clean_Data!$A$2:$A$500,0)),"") -> 46134 | O87: =IFERROR(INDEX(Clean_Data!$AB$2:$AB$500,MATCH($T87,Clean_Data!$A$2:$A$500,0))&"","") -> Follow-up overdue. No contact 90+ days. | T87: EMB-070
B88: 11 | C88: =IFERROR(INDEX(Clean_Data!$B$2:$B$500,MATCH($T88,Clean_Data!$A$2:$A$500,0))&"","") -> Germany | E88: =IFERROR(INDEX(Clean_Data!$C$2:$C$500,MATCH($T88,Clean_Data!$A$2:$A$500,0))&"","") -> Europe | H88: =IFERROR(INDEX(Clean_Data!$H$2:$H$500,MATCH($T88,Clean_Data!$A$2:$A$500,0))&"","") -> Initial Contact | J88: =IFERROR(INDEX(Clean_Data!$I$2:$I$500,MATCH($T88,Clean_Data!$A$2:$A$500,0))&"","") -> Priya Nair | L88: =IFERROR(INDEX(Clean_Data!$N$2:$N$500,MATCH($T88,Clean_Data!$A$2:$A$500,0))&"","") -> Low | M88: =IFERROR(INDEX(Clean_Data!$R$2:$R$500,MATCH($T88,Clean_Data!$A$2:$A$500,0)),"") -> 222 | N88: =IFERROR(INDEX(Clean_Data!$L$2:$L$500,MATCH($T88,Clean_Data!$A$2:$A$500,0)),"") -> 46132 | O88: =IFERROR(INDEX(Clean_Data!$AB$2:$AB$500,MATCH($T88,Clean_Data!$A$2:$A$500,0))&"","") -> Follow-up overdue. No contact 90+ days. | T88: EMB-002
B89: 12 | C89: =IFERROR(INDEX(Clean_Data!$B$2:$B$500,MATCH($T89,Clean_Data!$A$2:$A$500,0))&"","") -> Zimbabwe | E89: =IFERROR(INDEX(Clean_Data!$C$2:$C$500,MATCH($T89,Clean_Data!$A$2:$A$500,0))&"","") -> Sub-Saharan Africa | H89: =IFERROR(INDEX(Clean_Data!$H$2:$H$500,MATCH($T89,Clean_Data!$A$2:$A$500,0))&"","") -> Initial Contact | J89: =IFERROR(INDEX(Clean_Data!$I$2:$I$500,MATCH($T89,Clean_Data!$A$2:$A$500,0))&"","") -> Arjun Mehta | L89: =IFERROR(INDEX(Clean_Data!$N$2:$N$500,MATCH($T89,Clean_Data!$A$2:$A$500,0))&"","") -> Low | M89: =IFERROR(INDEX(Clean_Data!$R$2:$R$500,MATCH($T89,Clean_Data!$A$2:$A$500,0)),"") -> 221 | N89: =IFERROR(INDEX(Clean_Data!$L$2:$L$500,MATCH($T89,Clean_Data!$A$2:$A$500,0)),"") -> 46120 | O89: =IFERROR(INDEX(Clean_Data!$AB$2:$AB$500,MATCH($T89,Clean_Data!$A$2:$A$500,0))&"","") -> Follow-up overdue. No contact 90+ days. | T89: EMB-057
B90: Priority Score = overdue follow-up (2) + stale (2) + no follow-up date (1) + no owner (1) + engagement High (2) / Medium (1). Higher engagement ranks higher because relationships at risk are the most valuable to protect. Full ranking: Clean_Data column AA.
B91: Note: figures are calculated by formula from Clean_Data and update when data is refreshed. The attention-list ranking (IDs) is a snapshot at the report date; re-sort Clean_Data by Priority Score to refresh it.

Sheet Data Quality Review
A1: Data Quality Review - Embassy Outreach Database
A2: ="Source: "&COUNTA(Raw_Data!A2:A92)+COUNTBLANK(Raw_Data!A2:A92)&" raw records reviewed | "&COUNTA(Clean_Data!A2:A500)&" unique embassies after cleaning | Report date "&TEXT(Analysis!B3,"dd-mmm-yyyy") -> Source: 91 raw records reviewed | 84 unique embassies after cleaning | Report date 05-Oct-2026
A4: Raw records | C4: Records with >=1 issue | E4: Clean-record rate | G4: Duplicates removed
A5: =ROWS(Raw_Data!A2:A92) -> 91 | C5: =DQ_Checks!$V$93 -> 72 | E5: =1-C5/A5 -> 0.20879121 | G5: =ROWS(Raw_Data!A2:A92)-COUNTA(Clean_Data!A2:A500) -> 7
A7: A. Issue log (counts are live formulas on Raw_Data / Clean_Data)
A8: # | B8: Category | C8: Issue | D8: Field(s) | E8: Records affected | F8: % of base | G8: Severity | H8: Why it matters | I8: Recommended action
A9: 1 | B9: Uniqueness | C9: Duplicate embassy records (same ID or same embassy under a different name/ID) | D9: Embassy_ID, Country | E9: =ROWS(Raw_Data!A2:A92)-COUNTA(Clean_Data!A2:A500) -> 7 | F9: =IF((ROWS(Raw_Data!A2:A92))=0,0,E9/(ROWS(Raw_Data!A2:A92))) -> 0.076923077 | G9: High | H9: Double-counts embassies and splits interaction history, inflating pipeline totals. | I9: Enforce one record per embassy; use a unique-ID lookup and a duplicate check before saving new entries.
A10: 2 | B10: Uniqueness | C10: Rows sharing an Embassy_ID with another row | D10: Embassy_ID | E10: =DQ_Checks!$Q$93 -> 8 | F10: =IF((ROWS(Raw_Data!A2:A92))=0,0,E10/(ROWS(Raw_Data!A2:A92))) -> 0.087912088 | G10: High | H10: Same ID used for stale and updated versions - cannot tell which is current. | I10: Keep the latest record; archive history in a separate interaction log.
A11: 3 | B11: Completeness | C11: Embassy_ID missing | D11: Embassy_ID | E11: =DQ_Checks!$T$93 -> 2 | F11: =IF((ROWS(Raw_Data!A2:A92))=0,0,E11/(ROWS(Raw_Data!A2:A92))) -> 0.021978022 | G11: High | H11: Record cannot be linked or de-duplicated reliably. | I11: Assign IDs from the master embassy list (done in Clean_Data).
A12: 4 | B12: Consistency | C12: Country name not matching master list (aliases, case, stray spaces) | D12: Country | E12: =DQ_Checks!$C$93 -> 11 | F12: =IF((ROWS(Raw_Data!A2:A92))=0,0,E12/(ROWS(Raw_Data!A2:A92))) -> 0.12087912 | G12: High | H12: Region/country roll-ups and lookups fail (e.g. 'USA' vs 'United States'). | I12: Use a dropdown tied to the master country list.
A13: 5 | B13: Consistency | C13: Outreach status entered in non-standard spellings | D13: Outreach_Status | E13: =DQ_Checks!$F$93 -> 14 | F13: =IF((ROWS(Raw_Data!A2:A92))=0,0,E13/(ROWS(Raw_Data!A2:A92))) -> 0.15384615 | G13: High | H13: Status counts split across variants; pipeline funnel is unreliable until cleaned. | I13: Restrict to 7 standard statuses via data validation.
A14: 6 | B14: Completeness | C14: Region missing | D14: Region | E14: =DQ_Checks!$D$93 -> 5 | F14: =IF((ROWS(Raw_Data!A2:A92))=0,0,E14/(ROWS(Raw_Data!A2:A92))) -> 0.054945055 | G14: Medium | H14: Embassy is excluded from regional analysis. | I14: Derive region from country (done in Clean_Data).
A15: 7 | B15: Consistency | C15: Region written in non-standard form (APAC, MENA, Africa...) | D15: Region | E15: =DQ_Checks!$E$93 -> 8 | F15: =IF((ROWS(Raw_Data!A2:A92))=0,0,E15/(ROWS(Raw_Data!A2:A92))) -> 0.087912088 | G15: Medium | H15: Regional totals fragment. | I15: Standard 6-region list with dropdown.
A16: 8 | B16: Accuracy | C16: Region conflicts with the country's standard region (e.g. Egypt tagged Sub-Saharan Africa) | D16: Region, Country | E16: =DQ_Checks!$U$93 -> 3 | F16: =IF((ROWS(Raw_Data!A2:A92))=0,0,E16/(ROWS(Raw_Data!A2:A92))) -> 0.032967033 | G16: Medium | H16: Mis-allocates embassies between regions. | I16: Region derived from master list, not typed manually.
A17: 9 | B17: Completeness | C17: Email missing | D17: Email | E17: =DQ_Checks!$G$93 -> 7 | F17: =IF((ROWS(Raw_Data!A2:A92))=0,0,E17/(ROWS(Raw_Data!A2:A92))) -> 0.076923077 | G17: Medium | H17: Embassy cannot be contacted by email. | I17: Source from embassy directory / protocol office.
A18: 10 | B18: Validity | C18: Email invalid (no '@' or no domain dot) | D18: Email | E18: =DQ_Checks!$H$93 -> 7 | F18: =IF((ROWS(Raw_Data!A2:A92))=0,0,E18/(ROWS(Raw_Data!A2:A92))) -> 0.076923077 | G18: Medium | H18: Bounced outreach and false 'contactable' impression. | I18: Validate on entry; verify bounced addresses.
A19: 11 | B19: Completeness | C19: Phone missing | D19: Phone | E19: =DQ_Checks!$I$93 -> 8 | F19: =IF((ROWS(Raw_Data!A2:A92))=0,0,E19/(ROWS(Raw_Data!A2:A92))) -> 0.087912088 | G19: Low | H19: No fallback contact route. | I19: Collect landline/mobile for each primary contact.
A20: 12 | B20: Consistency | C20: Phone in mixed or incomplete formats | D20: Phone | E20: =DQ_Checks!$J$93 -> 12 | F20: =IF((ROWS(Raw_Data!A2:A92))=0,0,E20/(ROWS(Raw_Data!A2:A92))) -> 0.13186813 | G20: Low | H20: Hard to dial or de-duplicate; truncated numbers unusable. | I20: Standard format +91 XX XXXX XXXX; re-verify truncated numbers.
A21: 13 | B21: Completeness | C21: Outreach owner not assigned (raw) | D21: Outreach_Owner | E21: =DQ_Checks!$K$93 -> 9 | F21: =IF((ROWS(Raw_Data!A2:A92))=0,0,E21/(ROWS(Raw_Data!A2:A92))) -> 0.098901099 | G21: High | H21: No accountability for follow-up. | I21: Assign an owner to every embassy; review monthly.
A22: 14 | B22: Completeness | C22: Engagement level missing for contacted embassies | D22: Engagement_Level | E22: =DQ_Checks!$L$93 -> 11 | F22: =IF((ROWS(Raw_Data!A2:A92))=0,0,E22/(ROWS(Raw_Data!A2:A92))) -> 0.12087912 | G22: Medium | H22: Cannot prioritise by engagement strength. | I22: Make engagement rating mandatory once status > Not Started.
A23: 15 | B23: Completeness | C23: Last contact date missing for contacted embassies | D23: Last_Contact_Date | E23: =DQ_Checks!$S$93 -> 6 | F23: =IF((ROWS(Raw_Data!A2:A92))=0,0,E23/(ROWS(Raw_Data!A2:A92))) -> 0.065934066 | G23: High | H23: Recency / staleness cannot be measured. | I23: Mandatory date field when status changes.
A24: 16 | B24: Completeness | C24: Interactions count blank | D24: Interactions | E24: =DQ_Checks!$N$93 -> 6 | F24: =IF((ROWS(Raw_Data!A2:A92))=0,0,E24/(ROWS(Raw_Data!A2:A92))) -> 0.065934066 | G24: Low | H24: Understates engagement effort. | I24: Default to 0; update from the interaction log.
A25: 17 | B25: Validity | C25: Negative number of interactions | D25: Interactions | E25: =DQ_Checks!$O$93 -> 1 | F25: =IF((ROWS(Raw_Data!A2:A92))=0,0,E25/(ROWS(Raw_Data!A2:A92))) -> 0.010989011 | G25: Medium | H25: Impossible value distorts averages. | I25: Add >=0 validation rule.
A26: 18 | B26: Validity | C26: Dates stored as text in mixed formats (dd/mm/yyyy, yyyy-mm-dd, dd-mmm-yy) | D26: First/Last/Next dates | E26: =DQ_Checks!$M$93 -> 8 | F26: =IF((ROWS(Raw_Data!A2:A92))=0,0,E26/(ROWS(Raw_Data!A2:A92))) -> 0.087912088 | G26: Medium | H26: Text dates fail date maths; dd/mm vs mm/dd ambiguity risk. | I26: Store true Excel dates; use a date-picker.
A27: 19 | B27: Consistency | C27: Extra leading/trailing spaces in names | D27: Country, Contact_Person | E27: =DQ_Checks!$P$93 -> 9 | F27: =IF((ROWS(Raw_Data!A2:A92))=0,0,E27/(ROWS(Raw_Data!A2:A92))) -> 0.098901099 | G27: Low | H27: Breaks look-ups and filters. | I27: TRIM on entry/import.
A28: 20 | B28: Accuracy | C28: 'Not Started' embassies that show interactions or a last-contact date | D28: Status, Interactions, Last contact | E28: =DQ_Checks!$R$93 -> 3 | F28: =IF((ROWS(Raw_Data!A2:A92))=0,0,E28/(ROWS(Raw_Data!A2:A92))) -> 0.032967033 | G28: Medium | H28: Status is understated or activity is mis-recorded. | I28: Confirm with owner and correct status.
A29: 21 | B29: Accuracy | C29: Last contact earlier than First contact (cleaned data) | D29: First/Last contact | E29: =SUM(Clean_Data!X2:X500) -> 4 | F29: =IF((COUNTA(Clean_Data!$A$2:$A$500))=0,0,E29/(COUNTA(Clean_Data!$A$2:$A$500))) -> 0.047619048 | G29: Medium | H29: Impossible chronology; recency metrics unreliable. | I29: Verify against correspondence; fix dates.
A30: 22 | B30: Accuracy | C30: Last contact date in the future (cleaned data) | D30: Last contact | E30: =SUM(Clean_Data!Y2:Y500) -> 3 | F30: =IF((COUNTA(Clean_Data!$A$2:$A$500))=0,0,E30/(COUNTA(Clean_Data!$A$2:$A$500))) -> 0.035714286 | G30: High | H30: Cannot be true as of the report date; hides stale accounts. | I30: Correct to actual contact date.
A31: 23 | B31: Accuracy | C31: Remarks say 'declined' while status is live (cleaned data) | D31: Remarks vs Status | E31: =SUM(Clean_Data!Z2:Z500) -> 3 | F31: =IF((COUNTA(Clean_Data!$A$2:$A$500))=0,0,E31/(COUNTA(Clean_Data!$A$2:$A$500))) -> 0.035714286 | G31: High | H31: Pipeline overstated; resources spent on declined embassies. | I31: Reconcile status with remarks; move to Closed if confirmed.
A32: 24 | B32: Timeliness | C32: Live embassies with no follow-up date (cleaned data) | D32: Next_Followup_Date | E32: =SUM(Clean_Data!U2:U500) -> 7 | F32: =IF((COUNTA(Clean_Data!$A$2:$A$500))=0,0,E32/(COUNTA(Clean_Data!$A$2:$A$500))) -> 0.083333333 | G32: High | H32: No scheduled next step - risk of silent drop-off. | I32: Require a next-step date for every live embassy.
A33: 25 | B33: Timeliness | C33: Follow-up date already passed (overdue) | D33: Next_Followup_Date | E33: =SUM(Clean_Data!S2:S500) -> 30 | F33: =IF((COUNTA(Clean_Data!$A$2:$A$500))=0,0,E33/(COUNTA(Clean_Data!$A$2:$A$500))) -> 0.35714286 | G33: High | H33: Missed commitments damage relationships. | I33: Owners to action or reschedule within 1 week.
A34: 26 | B34: Timeliness | C34: Live embassies with no contact beyond the stale threshold | D34: Last_Contact_Date | E34: =SUM(Clean_Data!T2:T500) -> 13 | F34: =IF((COUNTA(Clean_Data!$A$2:$A$500))=0,0,E34/(COUNTA(Clean_Data!$A$2:$A$500))) -> 0.1547619 | G34: High | H34: Relationships going cold. | I34: Re-engage or formally pause.
A35: 27 | B35: Completeness | C35: Outreach owner still missing after cleaning | D35: Outreach_Owner | E35: =COUNTIFS(Clean_Data!A2:A500,"<>",Clean_Data!I2:I500,"") -> 8 | F35: =IF((COUNTA(Clean_Data!$A$2:$A$500))=0,0,E35/(COUNTA(Clean_Data!$A$2:$A$500))) -> 0.095238095 | G35: High | H35: Needs a manual decision - cannot be derived. | I35: Management to assign owners.
A36: 28 | B36: Validity | C36: Email still invalid/missing after cleaning | D36: Email | E36: =COUNTIF(Clean_Data!V2:V500,"Invalid")+COUNTIF(Clean_Data!V2:V500,"Missing") -> 13 | F36: =IF((COUNTA(Clean_Data!$A$2:$A$500))=0,0,E36/(COUNTA(Clean_Data!$A$2:$A$500))) -> 0.1547619 | G36: Medium | H36: Needs source verification. | I36: Verify with embassy.
A37: % of base: issues #1-20 use the raw record count; issues #21 onward use the cleaned unique-embassy count. Severity is a judgement based on impact on decision-making.
A39: B. Key observations
A40: ="1. Only "&TEXT(E5,"0%")&" of raw records are fully clean; "&C5&" of "&A5&" records carry at least one issue, so the raw file should not be used for reporting without cleaning." -> 1. Only 21% of raw records are fully clean; 72 of 91 records carry at least one issue, so the raw file should not be used for reporting without cleaning.
A41: ="2. "&G5&" duplicate records were removed - the raw file would have overstated the number of embassies by "&TEXT(G5/COUNTA(Clean_Data!A2:A500),"0.0%")&"." -> 2. 7 duplicate records were removed - the raw file would have overstated the number of embassies by 8.3%.
A42: ="3. Status, region and country are free-text, which produced "&DQ_Checks!$F$93&" non-standard statuses, "&DQ_Checks!$C$93&" country-name variants and "&DQ_Checks!$E$93&" non-standard regions." -> 3. Status, region and country are free-text, which produced 14 non-standard statuses, 11 country-name variants and 8 non-standard regions.
A43: ="4. Process gaps matter more than typing errors: "&SUM(Clean_Data!S2:S500)&" live embassies have overdue follow-ups, "&SUM(Clean_Data!U2:U500)&" have no next-step date and "&SUM(Clean_Data!T2:T500)&" have gone silent for "&Analysis!B4&"+ days." -> 4. Process gaps matter more than typing errors: 30 live embassies have overdue follow-ups, 7 have no next-step date and 13 have gone silent for 90+ days.
A44: ="5. "&SUM(Clean_Data!Z2:Z500)&" embassies carry remarks saying they declined while still shown as live - the true pipeline is likely smaller than the status field suggests." -> 5. 3 embassies carry remarks saying they declined while still shown as live - the true pipeline is likely smaller than the status field suggests.
A45: ="6. Contact data is thin: "&COUNTIF(Clean_Data!V2:V500,"Missing")+COUNTIF(Clean_Data!V2:V500,"Invalid")&" embassies lack a usable email and "&COUNTIF(Clean_Data!W2:W500,"Missing")+COUNTIF(Clean_Data!W2:W500,"Invalid")&" lack a usable phone number." -> 6. Contact data is thin: 13 embassies lack a usable email and 12 lack a usable phone number.
A48: C. Cleaning steps applied (to produce Clean_Data)
A49: 1. Trimmed spaces; standardised country names to the master list (USA -> United States, UK, UAE, Czechia, etc.).
A50: 2. Mapped all status spellings to 7 standard statuses (e.g. 'In-Discussion', 'in discussion', 'In Discusion' -> In Discussion; 'Partnered' -> Engaged).
A51: 3. Region and Embassy_ID re-derived from the master country list (fixes 'MENA', 'APAC', blanks and wrong-region tags).
A52: 4. Text dates converted to true Excel dates (assumed dd/mm/yyyy where ambiguous).
A53: 5. Phone numbers re-formatted to +91 XX XXXX XXXX where 10 digits could be recovered; unrecoverable numbers left as entered and flagged.
A54: 6. Duplicates resolved by keeping one record per embassy - the one with the most recent last-contact date. Removed rows remain visible in Raw_Data.
A55: 7. NOT imputed: owner, engagement level, interactions, follow-up dates, email - left blank and flagged, because guessing would hide the real gap.

Sheet Analysis
A1: Analysis Workings - all dashboard figures are calculated here from Clean_Data
A3: Report date (input) | B3: 46300 | C3: Fixed as-of date so the report is reproducible. Replace with =TODAY() for a live view.
A4: Stale threshold - days without contact (input) | B4: 90 | C4: Assumption: a live embassy with no recorded contact in this many days is 'stale'.
A5: Attention list size | B5: 12 | C5: Top records by Priority Score shown on the Dashboard.
A7: 1. Outreach status pipeline
A8: Outreach Status | B8: Embassies | C8: % of Total
A9: Not Started | B9: =COUNTIF(Clean_Data!$H$2:$H$500,A9) -> 10 | C9: =IF($B$16=0,0,B9/$B$16) -> 0.11904762
A10: Initial Contact | B10: =COUNTIF(Clean_Data!$H$2:$H$500,A10) -> 15 | C10: =IF($B$16=0,0,B10/$B$16) -> 0.17857143
A11: In Discussion | B11: =COUNTIF(Clean_Data!$H$2:$H$500,A11) -> 14 | C11: =IF($B$16=0,0,B11/$B$16) -> 0.16666667
A12: Meeting Scheduled | B12: =COUNTIF(Clean_Data!$H$2:$H$500,A12) -> 11 | C12: =IF($B$16=0,0,B12/$B$16) -> 0.13095238
A13: Engaged | B13: =COUNTIF(Clean_Data!$H$2:$H$500,A13) -> 19 | C13: =IF($B$16=0,0,B13/$B$16) -> 0.22619048
A14: On Hold | B14: =COUNTIF(Clean_Data!$H$2:$H$500,A14) -> 11 | C14: =IF($B$16=0,0,B14/$B$16) -> 0.13095238
A15: Closed | B15: =COUNTIF(Clean_Data!$H$2:$H$500,A15) -> 4 | C15: =IF($B$16=0,0,B15/$B$16) -> 0.047619048
A16: Total | B16: =SUM(B9:B15) -> 84 | C16: =SUM(C9:C15) -> 1
A18: 2. Engagement level
A19: Engagement Level | B19: Embassies | C19: % of Total
A20: High | B20: =COUNTIF(Clean_Data!$N$2:$N$500,A20) -> 17 | C20: =IF($B$24=0,0,B20/$B$24) -> 0.20238095
A21: Medium | B21: =COUNTIF(Clean_Data!$N$2:$N$500,A21) -> 22 | C21: =IF($B$24=0,0,B21/$B$24) -> 0.26190476
A22: Low | B22: =COUNTIF(Clean_Data!$N$2:$N$500,A22) -> 25 | C22: =IF($B$24=0,0,B22/$B$24) -> 0.29761905
A23: Not rated | B23: =COUNTIFS(Clean_Data!$A$2:$A$500,"<>",Clean_Data!$N$2:$N$500,"") -> 20 | C23: =IF($B$24=0,0,B23/$B$24) -> 0.23809524
A24: Total | B24: =SUM(B20:B23) -> 84 | C24: =IF($B$24=0,0,B24/$B$24) -> 1
A26: 3. Regional performance
A27: Region | B27: Embassies | C27: Not Started | D27: Initial Contact | E27: In Discussion | F27: Meeting Scheduled | G27: Engaged | H27: On Hold | I27: Closed | J27: Engaged % | K27: High Engagement | L27: Avg Interactions | M27: Overdue Follow-ups | N27: Stale | O27: No Owner | P27: Contacted | Q27: Early / Active Stage | R27: On Hold / Closed
A28: Europe | B28: =COUNTIF(Clean_Data!$C$2:$C$500,$A28) -> 20 | C28: =COUNTIFS(Clean_Data!$C$2:$C$500,$A28,Clean_Data!$H$2:$H$500,"Not Started") -> 4 | D28: =COUNTIFS(Clean_Data!$C$2:$C$500,$A28,Clean_Data!$H$2:$H$500,"Initial Contact") -> 3 | E28: =COUNTIFS(Clean_Data!$C$2:$C$500,$A28,Clean_Data!$H$2:$H$500,"In Discussion") -> 4 | F28: =COUNTIFS(Clean_Data!$C$2:$C$500,$A28,Clean_Data!$H$2:$H$500,"Meeting Scheduled") -> 3 | G28: =COUNTIFS(Clean_Data!$C$2:$C$500,$A28,Clean_Data!$H$2:$H$500,"Engaged") -> 3 | H28: =COUNTIFS(Clean_Data!$C$2:$C$500,$A28,Clean_Data!$H$2:$H$500,"On Hold") -> 3 | I28: =COUNTIFS(Clean_Data!$C$2:$C$500,$A28,Clean_Data!$H$2:$H$500,"Closed") -> 0 | J28: =IF(B28=0,0,G28/B28) -> 0.15 | K28: =COUNTIFS(Clean_Data!$C$2:$C$500,$A28,Clean_Data!$N$2:$N$500,"High") -> 3 | L28: =IFERROR(AVERAGEIFS(Clean_Data!$M$2:$M$500,Clean_Data!$C$2:$C$500,$A28,Clean_Data!$H$2:$H$500,"<>Not Started"),0) -> 6.2142857 | M28: =SUMIFS(Clean_Data!$S$2:$S$500,Clean_Data!$C$2:$C$500,$A28) -> 6 | N28: =SUMIFS(Clean_Data!$T$2:$T$500,Clean_Data!$C$2:$C$500,$A28) -> 4 | O28: =COUNTIFS(Clean_Data!$C$2:$C$500,$A28,Clean_Data!$I$2:$I$500,"") -> 1 | P28: =B28-C28 -> 16 | Q28: =D28+E28+F28 -> 10 | R28: =H28+I28 -> 3
A29: Asia-Pacific | B29: =COUNTIF(Clean_Data!$C$2:$C$500,$A29) -> 14 | C29: =COUNTIFS(Clean_Data!$C$2:$C$500,$A29,Clean_Data!$H$2:$H$500,"Not Started") -> 1 | D29: =COUNTIFS(Clean_Data!$C$2:$C$500,$A29,Clean_Data!$H$2:$H$500,"Initial Contact") -> 2 | E29: =COUNTIFS(Clean_Data!$C$2:$C$500,$A29,Clean_Data!$H$2:$H$500,"In Discussion") -> 4 | F29: =COUNTIFS(Clean_Data!$C$2:$C$500,$A29,Clean_Data!$H$2:$H$500,"Meeting Scheduled") -> 2 | G29: =COUNTIFS(Clean_Data!$C$2:$C$500,$A29,Clean_Data!$H$2:$H$500,"Engaged") -> 3 | H29: =COUNTIFS(Clean_Data!$C$2:$C$500,$A29,Clean_Data!$H$2:$H$500,"On Hold") -> 1 | I29: =COUNTIFS(Clean_Data!$C$2:$C$500,$A29,Clean_Data!$H$2:$H$500,"Closed") -> 1 | J29: =IF(B29=0,0,G29/B29) -> 0.21428571 | K29: =COUNTIFS(Clean_Data!$C$2:$C$500,$A29,Clean_Data!$N$2:$N$500,"High") -> 2 | L29: =IFERROR(AVERAGEIFS(Clean_Data!$M$2:$M$500,Clean_Data!$C$2:$C$500,$A29,Clean_Data!$H$2:$H$500,"<>Not Started"),0) -> 5.0769231 | M29: =SUMIFS(Clean_Data!$S$2:$S$500,Clean_Data!$C$2:$C$500,$A29) -> 7 | N29: =SUMIFS(Clean_Data!$T$2:$T$500,Clean_Data!$C$2:$C$500,$A29) -> 1 | O29: =COUNTIFS(Clean_Data!$C$2:$C$500,$A29,Clean_Data!$I$2:$I$500,"") -> 2 | P29: =B29-C29 -> 13 | Q29: =D29+E29+F29 -> 8 | R29: =H29+I29 -> 2
A30: Middle East & North Africa | B30: =COUNTIF(Clean_Data!$C$2:$C$500,$A30) -> 14 | C30: =COUNTIFS(Clean_Data!$C$2:$C$500,$A30,Clean_Data!$H$2:$H$500,"Not Started") -> 0 | D30: =COUNTIFS(Clean_Data!$C$2:$C$500,$A30,Clean_Data!$H$2:$H$500,"Initial Contact") -> 2 | E30: =COUNTIFS(Clean_Data!$C$2:$C$500,$A30,Clean_Data!$H$2:$H$500,"In Discussion") -> 2 | F30: =COUNTIFS(Clean_Data!$C$2:$C$500,$A30,Clean_Data!$H$2:$H$500,"Meeting Scheduled") -> 1 | G30: =COUNTIFS(Clean_Data!$C$2:$C$500,$A30,Clean_Data!$H$2:$H$500,"Engaged") -> 4 | H30: =COUNTIFS(Clean_Data!$C$2:$C$500,$A30,Clean_Data!$H$2:$H$500,"On Hold") -> 3 | I30: =COUNTIFS(Clean_Data!$C$2:$C$500,$A30,Clean_Data!$H$2:$H$500,"Closed") -> 2 | J30: =IF(B30=0,0,G30/B30) -> 0.28571429 | K30: =COUNTIFS(Clean_Data!$C$2:$C$500,$A30,Clean_Data!$N$2:$N$500,"High") -> 5 | L30: =IFERROR(AVERAGEIFS(Clean_Data!$M$2:$M$500,Clean_Data!$C$2:$C$500,$A30,Clean_Data!$H$2:$H$500,"<>Not Started"),0) -> 6.2307692 | M30: =SUMIFS(Clean_Data!$S$2:$S$500,Clean_Data!$C$2:$C$500,$A30) -> 2 | N30: =SUMIFS(Clean_Data!$T$2:$T$500,Clean_Data!$C$2:$C$500,$A30) -> 1 | O30: =COUNTIFS(Clean_Data!$C$2:$C$500,$A30,Clean_Data!$I$2:$I$500,"") -> 1 | P30: =B30-C30 -> 14 | Q30: =D30+E30+F30 -> 5 | R30: =H30+I30 -> 5
A31: Sub-Saharan Africa | B31: =COUNTIF(Clean_Data!$C$2:$C$500,$A31) -> 14 | C31: =COUNTIFS(Clean_Data!$C$2:$C$500,$A31,Clean_Data!$H$2:$H$500,"Not Started") -> 2 | D31: =COUNTIFS(Clean_Data!$C$2:$C$500,$A31,Clean_Data!$H$2:$H$500,"Initial Contact") -> 1 | E31: =COUNTIFS(Clean_Data!$C$2:$C$500,$A31,Clean_Data!$H$2:$H$500,"In Discussion") -> 2 | F31: =COUNTIFS(Clean_Data!$C$2:$C$500,$A31,Clean_Data!$H$2:$H$500,"Meeting Scheduled") -> 1 | G31: =COUNTIFS(Clean_Data!$C$2:$C$500,$A31,Clean_Data!$H$2:$H$500,"Engaged") -> 5 | H31: =COUNTIFS(Clean_Data!$C$2:$C$500,$A31,Clean_Data!$H$2:$H$500,"On Hold") -> 3 | I31: =COUNTIFS(Clean_Data!$C$2:$C$500,$A31,Clean_Data!$H$2:$H$500,"Closed") -> 0 | J31: =IF(B31=0,0,G31/B31) -> 0.35714286 | K31: =COUNTIFS(Clean_Data!$C$2:$C$500,$A31,Clean_Data!$N$2:$N$500,"High") -> 5 | L31: =IFERROR(AVERAGEIFS(Clean_Data!$M$2:$M$500,Clean_Data!$C$2:$C$500,$A31,Clean_Data!$H$2:$H$500,"<>Not Started"),0) -> 7.0909091 | M31: =SUMIFS(Clean_Data!$S$2:$S$500,Clean_Data!$C$2:$C$500,$A31) -> 7 | N31: =SUMIFS(Clean_Data!$T$2:$T$500,Clean_Data!$C$2:$C$500,$A31) -> 4 | O31: =COUNTIFS(Clean_Data!$C$2:$C$500,$A31,Clean_Data!$I$2:$I$500,"") -> 2 | P31: =B31-C31 -> 12 | Q31: =D31+E31+F31 -> 4 | R31: =H31+I31 -> 3
A32: Americas | B32: =COUNTIF(Clean_Data!$C$2:$C$500,$A32) -> 14 | C32: =COUNTIFS(Clean_Data!$C$2:$C$500,$A32,Clean_Data!$H$2:$H$500,"Not Started") -> 2 | D32: =COUNTIFS(Clean_Data!$C$2:$C$500,$A32,Clean_Data!$H$2:$H$500,"Initial Contact") -> 4 | E32: =COUNTIFS(Clean_Data!$C$2:$C$500,$A32,Clean_Data!$H$2:$H$500,"In Discussion") -> 1 | F32: =COUNTIFS(Clean_Data!$C$2:$C$500,$A32,Clean_Data!$H$2:$H$500,"Meeting Scheduled") -> 3 | G32: =COUNTIFS(Clean_Data!$C$2:$C$500,$A32,Clean_Data!$H$2:$H$500,"Engaged") -> 3 | H32: =COUNTIFS(Clean_Data!$C$2:$C$500,$A32,Clean_Data!$H$2:$H$500,"On Hold") -> 0 | I32: =COUNTIFS(Clean_Data!$C$2:$C$500,$A32,Clean_Data!$H$2:$H$500,"Closed") -> 1 | J32: =IF(B32=0,0,G32/B32) -> 0.21428571 | K32: =COUNTIFS(Clean_Data!$C$2:$C$500,$A32,Clean_Data!$N$2:$N$500,"High") -> 1 | L32: =IFERROR(AVERAGEIFS(Clean_Data!$M$2:$M$500,Clean_Data!$C$2:$C$500,$A32,Clean_Data!$H$2:$H$500,"<>Not Started"),0) -> 5.2727273 | M32: =SUMIFS(Clean_Data!$S$2:$S$500,Clean_Data!$C$2:$C$500,$A32) -> 4 | N32: =SUMIFS(Clean_Data!$T$2:$T$500,Clean_Data!$C$2:$C$500,$A32) -> 1 | O32: =COUNTIFS(Clean_Data!$C$2:$C$500,$A32,Clean_Data!$I$2:$I$500,"") -> 2 | P32: =B32-C32 -> 12 | Q32: =D32+E32+F32 -> 8 | R32: =H32+I32 -> 1
A33: South & Central Asia | B33: =COUNTIF(Clean_Data!$C$2:$C$500,$A33) -> 8 | C33: =COUNTIFS(Clean_Data!$C$2:$C$500,$A33,Clean_Data!$H$2:$H$500,"Not Started") -> 1 | D33: =COUNTIFS(Clean_Data!$C$2:$C$500,$A33,Clean_Data!$H$2:$H$500,"Initial Contact") -> 3 | E33: =COUNTIFS(Clean_Data!$C$2:$C$500,$A33,Clean_Data!$H$2:$H$500,"In Discussion") -> 1 | F33: =COUNTIFS(Clean_Data!$C$2:$C$500,$A33,Clean_Data!$H$2:$H$500,"Meeting Scheduled") -> 1 | G33: =COUNTIFS(Clean_Data!$C$2:$C$500,$A33,Clean_Data!$H$2:$H$500,"Engaged") -> 1 | H33: =COUNTIFS(Clean_Data!$C$2:$C$500,$A33,Clean_Data!$H$2:$H$500,"On Hold") -> 1 | I33: =COUNTIFS(Clean_Data!$C$2:$C$500,$A33,Clean_Data!$H$2:$H$500,"Closed") -> 0 | J33: =IF(B33=0,0,G33/B33) -> 0.125 | K33: =COUNTIFS(Clean_Data!$C$2:$C$500,$A33,Clean_Data!$N$2:$N$500,"High") -> 1 | L33: =IFERROR(AVERAGEIFS(Clean_Data!$M$2:$M$500,Clean_Data!$C$2:$C$500,$A33,Clean_Data!$H$2:$H$500,"<>Not Started"),0) -> 5 | M33: =SUMIFS(Clean_Data!$S$2:$S$500,Clean_Data!$C$2:$C$500,$A33) -> 4 | N33: =SUMIFS(Clean_Data!$T$2:$T$500,Clean_Data!$C$2:$C$500,$A33) -> 2 | O33: =COUNTIFS(Clean_Data!$C$2:$C$500,$A33,Clean_Data!$I$2:$I$500,"") -> 0 | P33: =B33-C33 -> 7 | Q33: =D33+E33+F33 -> 5 | R33: =H33+I33 -> 1
A34: Total | B34: =SUM(B28:B33) -> 84 | C34: =SUM(C28:C33) -> 10 | D34: =SUM(D28:D33) -> 15 | E34: =SUM(E28:E33) -> 14 | F34: =SUM(F28:F33) -> 11 | G34: =SUM(G28:G33) -> 19 | H34: =SUM(H28:H33) -> 11 | I34: =SUM(I28:I33) -> 4 | J34: =IF(B34=0,0,G34/B34) -> 0.22619048 | K34: =SUM(K28:K33) -> 17 | L34: =IFERROR(AVERAGEIFS(Clean_Data!$M$2:$M$500,Clean_Data!$H$2:$H$500,"<>Not Started",Clean_Data!$A$2:$A$500,"<>"),0) -> 5.8823529 | M34: =SUM(M28:M33) -> 30 | N34: =SUM(N28:N33) -> 13 | O34: =SUM(O28:O33) -> 8 | P34: =SUM(P28:P33) -> 74 | Q34: =SUM(Q28:Q33) -> 40 | R34: =SUM(R28:R33) -> 15
A37: 4. Owner workload
A38: Outreach Owner | B38: Embassies | C38: Live Pipeline | D38: Overdue Follow-ups | E38: Stale | F38: Avg Days Since Contact | G38: High Engagement
A39: Anita Deshmukh | B39: =COUNTIF(Clean_Data!$I$2:$I$500,$A39) -> 8 | C39: =SUMIFS(Clean_Data!$Q$2:$Q$500,Clean_Data!$I$2:$I$500,$A39) -> 5 | D39: =SUMIFS(Clean_Data!$S$2:$S$500,Clean_Data!$I$2:$I$500,$A39) -> 2 | E39: =SUMIFS(Clean_Data!$T$2:$T$500,Clean_Data!$I$2:$I$500,$A39) -> 1 | F39: =IFERROR(AVERAGEIFS(Clean_Data!$R$2:$R$500,Clean_Data!$I$2:$I$500,$A39),0) -> 93.5 | G39: =COUNTIFS(Clean_Data!$I$2:$I$500,$A39,Clean_Data!$N$2:$N$500,"High") -> 1
A40: Rahul Verma | B40: =COUNTIF(Clean_Data!$I$2:$I$500,$A40) -> 13 | C40: =SUMIFS(Clean_Data!$Q$2:$Q$500,Clean_Data!$I$2:$I$500,$A40) -> 9 | D40: =SUMIFS(Clean_Data!$S$2:$S$500,Clean_Data!$I$2:$I$500,$A40) -> 1 | E40: =SUMIFS(Clean_Data!$T$2:$T$500,Clean_Data!$I$2:$I$500,$A40) -> 0 | F40: =IFERROR(AVERAGEIFS(Clean_Data!$R$2:$R$500,Clean_Data!$I$2:$I$500,$A40),0) -> 89.4 | G40: =COUNTIFS(Clean_Data!$I$2:$I$500,$A40,Clean_Data!$N$2:$N$500,"High") -> 3
A41: Priya Nair | B41: =COUNTIF(Clean_Data!$I$2:$I$500,$A41) -> 14 | C41: =SUMIFS(Clean_Data!$Q$2:$Q$500,Clean_Data!$I$2:$I$500,$A41) -> 11 | D41: =SUMIFS(Clean_Data!$S$2:$S$500,Clean_Data!$I$2:$I$500,$A41) -> 8 | E41: =SUMIFS(Clean_Data!$T$2:$T$500,Clean_Data!$I$2:$I$500,$A41) -> 2 | F41: =IFERROR(AVERAGEIFS(Clean_Data!$R$2:$R$500,Clean_Data!$I$2:$I$500,$A41),0) -> 89.076923 | G41: =COUNTIFS(Clean_Data!$I$2:$I$500,$A41,Clean_Data!$N$2:$N$500,"High") -> 5
A42: Sameer Khan | B42: =COUNTIF(Clean_Data!$I$2:$I$500,$A42) -> 14 | C42: =SUMIFS(Clean_Data!$Q$2:$Q$500,Clean_Data!$I$2:$I$500,$A42) -> 11 | D42: =SUMIFS(Clean_Data!$S$2:$S$500,Clean_Data!$I$2:$I$500,$A42) -> 6 | E42: =SUMIFS(Clean_Data!$T$2:$T$500,Clean_Data!$I$2:$I$500,$A42) -> 3 | F42: =IFERROR(AVERAGEIFS(Clean_Data!$R$2:$R$500,Clean_Data!$I$2:$I$500,$A42),0) -> 116.6 | G42: =COUNTIFS(Clean_Data!$I$2:$I$500,$A42,Clean_Data!$N$2:$N$500,"High") -> 2
A43: Neha Kulkarni | B43: =COUNTIF(Clean_Data!$I$2:$I$500,$A43) -> 14 | C43: =SUMIFS(Clean_Data!$Q$2:$Q$500,Clean_Data!$I$2:$I$500,$A43) -> 9 | D43: =SUMIFS(Clean_Data!$S$2:$S$500,Clean_Data!$I$2:$I$500,$A43) -> 6 | E43: =SUMIFS(Clean_Data!$T$2:$T$500,Clean_Data!$I$2:$I$500,$A43) -> 2 | F43: =IFERROR(AVERAGEIFS(Clean_Data!$R$2:$R$500,Clean_Data!$I$2:$I$500,$A43),0) -> 93.5 | G43: =COUNTIFS(Clean_Data!$I$2:$I$500,$A43,Clean_Data!$N$2:$N$500,"High") -> 4
A44: Arjun Mehta | B44: =COUNTIF(Clean_Data!$I$2:$I$500,$A44) -> 13 | C44: =SUMIFS(Clean_Data!$Q$2:$Q$500,Clean_Data!$I$2:$I$500,$A44) -> 9 | D44: =SUMIFS(Clean_Data!$S$2:$S$500,Clean_Data!$I$2:$I$500,$A44) -> 5 | E44: =SUMIFS(Clean_Data!$T$2:$T$500,Clean_Data!$I$2:$I$500,$A44) -> 4 | F44: =IFERROR(AVERAGEIFS(Clean_Data!$R$2:$R$500,Clean_Data!$I$2:$I$500,$A44),0) -> 82.75 | G44: =COUNTIFS(Clean_Data!$I$2:$I$500,$A44,Clean_Data!$N$2:$N$500,"High") -> 2
A45: Unassigned | B45: =COUNTIFS(Clean_Data!$A$2:$A$500,"<>",Clean_Data!$I$2:$I$500,"") -> 8 | C45: =SUMIFS(Clean_Data!$Q$2:$Q$500,Clean_Data!$A$2:$A$500,"<>",Clean_Data!$I$2:$I$500,"") -> 5 | D45: =SUMIFS(Clean_Data!$S$2:$S$500,Clean_Data!$A$2:$A$500,"<>",Clean_Data!$I$2:$I$500,"") -> 2 | E45: =SUMIFS(Clean_Data!$T$2:$T$500,Clean_Data!$A$2:$A$500,"<>",Clean_Data!$I$2:$I$500,"") -> 1 | F45: =IFERROR(AVERAGEIFS(Clean_Data!$R$2:$R$500,Clean_Data!$A$2:$A$500,"<>",Clean_Data!$I$2:$I$500,""),0) -> 37.4 | G45: =COUNTIFS(Clean_Data!$A$2:$A$500,"<>",Clean_Data!$I$2:$I$500,"",Clean_Data!$N$2:$N$500,"High") -> 0
A46: Total | B46: =SUM(B39:B45) -> 84 | C46: =SUM(C39:C45) -> 59 | D46: =SUM(D39:D45) -> 30 | E46: =SUM(E39:E45) -> 13 | F46: =IFERROR(AVERAGE(Clean_Data!$R$2:$R$500),0) -> 89.542857 | G46: =SUM(G39:G45) -> 17
A49: 5. Outreach channel mix
A50: Channel | B50: Embassies | C50: % of Contacted
A51: Email | B51: =COUNTIF(Clean_Data!$O$2:$O$500,A51) -> 24 | C51: =IF($B$57=0,0,B51/$B$57) -> 0.32432432
A52: Phone | B52: =COUNTIF(Clean_Data!$O$2:$O$500,A52) -> 13 | C52: =IF($B$57=0,0,B52/$B$57) -> 0.17567568
A53: Meeting | B53: =COUNTIF(Clean_Data!$O$2:$O$500,A53) -> 14 | C53: =IF($B$57=0,0,B53/$B$57) -> 0.18918919
A54: Event | B54: =COUNTIF(Clean_Data!$O$2:$O$500,A54) -> 11 | C54: =IF($B$57=0,0,B54/$B$57) -> 0.14864865
A55: Official Letter | B55: =COUNTIF(Clean_Data!$O$2:$O$500,A55) -> 12 | C55: =IF($B$57=0,0,B55/$B$57) -> 0.16216216
A56: Not recorded | B56: =COUNTIFS(Clean_Data!$A$2:$A$500,"<>",Clean_Data!$O$2:$O$500,"",Clean_Data!$H$2:$H$500,"<>Not Started") -> 0 | C56: =IF($B$57=0,0,B56/$B$57) -> 0
A57: Total (contacted) | B57: =SUM(B51:B56) -> 74 | C57: =IF($B$57=0,0,B57/$B$57) -> 1
A59: 6. Outreach activity - embassies by month of last contact (last 12 months)
A60: Month start | B60: Embassies last contacted | C60: Label
A61: =DATE(YEAR(Analysis!$B$3),MONTH(Analysis!$B$3)-11,1) -> 45962 | B61: =COUNTIFS(Clean_Data!$K$2:$K$500,">="&A61,Clean_Data!$K$2:$K$500,"<"&EDATE(A61,1)) -> 1 | C61: =TEXT(A61,"mmm-yy") -> Nov-25
A62: =EDATE(A61,1) -> 45992 | B62: =COUNTIFS(Clean_Data!$K$2:$K$500,">="&A62,Clean_Data!$K$2:$K$500,"<"&EDATE(A62,1)) -> 1 | C62: =TEXT(A62,"mmm-yy") -> Dec-25
A63: =EDATE(A62,1) -> 46023 | B63: =COUNTIFS(Clean_Data!$K$2:$K$500,">="&A63,Clean_Data!$K$2:$K$500,"<"&EDATE(A63,1)) -> 0 | C63: =TEXT(A63,"mmm-yy") -> Jan-26
A64: =EDATE(A63,1) -> 46054 | B64: =COUNTIFS(Clean_Data!$K$2:$K$500,">="&A64,Clean_Data!$K$2:$K$500,"<"&EDATE(A64,1)) -> 6 | C64: =TEXT(A64,"mmm-yy") -> Feb-26
A65: =EDATE(A64,1) -> 46082 | B65: =COUNTIFS(Clean_Data!$K$2:$K$500,">="&A65,Clean_Data!$K$2:$K$500,"<"&EDATE(A65,1)) -> 3 | C65: =TEXT(A65,"mmm-yy") -> Mar-26
A66: =EDATE(A65,1) -> 46113 | B66: =COUNTIFS(Clean_Data!$K$2:$K$500,">="&A66,Clean_Data!$K$2:$K$500,"<"&EDATE(A66,1)) -> 0 | C66: =TEXT(A66,"mmm-yy") -> Apr-26
A67: =EDATE(A66,1) -> 46143 | B67: =COUNTIFS(Clean_Data!$K$2:$K$500,">="&A67,Clean_Data!$K$2:$K$500,"<"&EDATE(A67,1)) -> 4 | C67: =TEXT(A67,"mmm-yy") -> May-26
A68: =EDATE(A67,1) -> 46174 | B68: =COUNTIFS(Clean_Data!$K$2:$K$500,">="&A68,Clean_Data!$K$2:$K$500,"<"&EDATE(A68,1)) -> 3 | C68: =TEXT(A68,"mmm-yy") -> Jun-26
A69: =EDATE(A68,1) -> 46204 | B69: =COUNTIFS(Clean_Data!$K$2:$K$500,">="&A69,Clean_Data!$K$2:$K$500,"<"&EDATE(A69,1)) -> 11 | C69: =TEXT(A69,"mmm-yy") -> Jul-26
A70: =EDATE(A69,1) -> 46235 | B70: =COUNTIFS(Clean_Data!$K$2:$K$500,">="&A70,Clean_Data!$K$2:$K$500,"<"&EDATE(A70,1)) -> 11 | C70: =TEXT(A70,"mmm-yy") -> Aug-26
A71: =EDATE(A70,1) -> 46266 | B71: =COUNTIFS(Clean_Data!$K$2:$K$500,">="&A71,Clean_Data!$K$2:$K$500,"<"&EDATE(A71,1)) -> 26 | C71: =TEXT(A71,"mmm-yy") -> Sep-26
A72: =EDATE(A71,1) -> 46296 | B72: =COUNTIFS(Clean_Data!$K$2:$K$500,">="&A72,Clean_Data!$K$2:$K$500,"<"&EDATE(A72,1)) -> 2 | C72: =TEXT(A72,"mmm-yy") -> Oct-26

Sheet Clean_Data
A1: Embassy_ID | B1: Embassy (Country) | C1: Region | D1: Contact Person | E1: Designation | F1: Email | G1: Phone | H1: Outreach Status | I1: Outreach Owner | J1: First Contact | K1: Last Contact | L1: Next Follow-up | M1: Interactions | N1: Engagement Level | O1: Channel | P1: Remarks | Q1: Live Pipeline (1/0) | R1: Days Since Last Contact | S1: Follow-up Overdue (1/0) | T1: Stale (1/0) | U1: No Follow-up Date (1/0) | V1: Email Check | W1: Phone Check | X1: Last Contact < First Contact (1/0) | Y1: Future-dated Last Contact (1/0) | Z1: Remark Conflicts Status (1/0) | AA1: Priority Score | AB1: Attention Issues | AD1: Cleaned & de-duplicated dataset. Columns A-P = standardised source data; Q-AB (blue headers) = formulas that drive the Dashboard.
A2: EMB-001 | B2: France | C2: Europe | D2: Mei Schmidt | E2: Counsellor (Public Affairs) | F2: mei.schmidt@france.embassy.example | G2: +91 91399 86987 | H2: Not Started | I2: Neha Kulkarni | M2: 0 | P2: Priority list - Q4 | Q2: =IF(OR(H2="Initial Contact",H2="In Discussion",H2="Meeting Scheduled",H2="Engaged"),1,0) -> 0 | R2: =IF(OR(K2="",K2>Analysis!$B$3),"",Analysis!$B$3-K2) | S2: =IF(AND(Q2=1,L2<>"",L2<Analysis!$B$3),1,0) -> 0 | T2: =IF(Q2=1,IF(R2="",0,IF(R2>Analysis!$B$4,1,0)),0) -> 0 | U2: =IF(AND(Q2=1,L2=""),1,0) -> 0 | V2: =IF(TRIM(F2)="","Missing",IF(IFERROR(FIND(".",F2,FIND("@",F2)),0)>0,"Valid","Invalid")) -> Valid | W2: =IF(TRIM(G2)="","Missing",IF(OR(AND(LEFT(G2,4)="+91 ",LEN(G2)=15),AND(LEFT(G2,7)="+91 11 ",LEN(G2)=16)),"Valid","Invalid")) -> Valid | X2: =IF(AND(J2<>"",K2<>"",K2<J2),1,0) -> 0 | Y2: =IF(AND(K2<>"",K2>Analysis!$B$3),1,0) -> 0 | Z2: =IF(AND(Q2=1,ISNUMBER(SEARCH("declin",P2))),1,0) -> 0 | AA2: =IF(Q2=1,S2*2+T2*2+U2+IF(I2="",1,0)+IF(N2="High",2,IF(N2="Medium",1,0)),0) -> 0 | AB2: =IF(Q2=0,"",TRIM(IF(S2=1,"Follow-up overdue. ","")&IF(T2=1,"No contact "&Analysis!$B$4&"+ days. ","")&IF(U2=1,"No follow-up date. ","")&IF(I2="","No owner. ","")&IF(Z2=1,"Remarks conflict with status. ","")&IF(X2=1,"Date error (last < first). ","")&IF(Y2=1,"Future-dated contact. ","")))
A3: EMB-002 | B3: Germany | C3: Europe | D3: Stefan Haddad | E3: Commercial Counsellor | F3: stefan.haddad@germany.embassy.example | G3: +91 11 8170 7536 | H3: Initial Contact | I3: Priya Nair | J3: 46057 | K3: 46078 | L3: 46132 | M3: 1 | N3: Low | O3: Email | P3: Intro call held | Q3: =IF(OR(H3="Initial Contact",H3="In Discussion",H3="Meeting Scheduled",H3="Engaged"),1,0) -> 1 | R3: =IF(OR(K3="",K3>Analysis!$B$3),"",Analysis!$B$3-K3) -> 222 | S3: =IF(AND(Q3=1,L3<>"",L3<Analysis!$B$3),1,0) -> 1 | T3: =IF(Q3=1,IF(R3="",0,IF(R3>Analysis!$B$4,1,0)),0) -> 1 | U3: =IF(AND(Q3=1,L3=""),1,0) -> 0 | V3: =IF(TRIM(F3)="","Missing",IF(IFERROR(FIND(".",F3,FIND("@",F3)),0)>0,"Valid","Invalid")) -> Valid | W3: =IF(TRIM(G3)="","Missing",IF(OR(AND(LEFT(G3,4)="+91 ",LEN(G3)=15),AND(LEFT(G3,7)="+91 11 ",LEN(G3)=16)),"Valid","Invalid")) -> Valid | X3: =IF(AND(J3<>"",K3<>"",K3<J3),1,0) -> 0 | Y3: =IF(AND(K3<>"",K3>Analysis!$B$3),1,0) -> 0 | Z3: =IF(AND(Q3=1,ISNUMBER(SEARCH("declin",P3))),1,0) -> 0 | AA3: =IF(Q3=1,S3*2+T3*2+U3+IF(I3="",1,0)+IF(N3="High",2,IF(N3="Medium",1,0)),0) -> 4 | AB3: =IF(Q3=0,"",TRIM(IF(S3=1,"Follow-up overdue. ","")&IF(T3=1,"No contact "&Analysis!$B$4&"+ days. ","")&IF(U3=1,"No follow-up date. ","")&IF(I3="","No owner. ","")&IF(Z3=1,"Remarks conflict with status. ","")&IF(X3=1,"Date error (last < first). ","")&IF(Y3=1,"Future-dated contact. ",""))) -> Follow-up overdue. No contact 90+ days.
A4: EMB-003 | B4: Italy | C4: Europe | D4: Kwame Okafor | E4: Counsellor (Public Affairs) | F4: kwame.okafor@italy.embassy.example | G4: +91 11 2698 7168 | H4: On Hold | I4: Neha Kulkarni | J4: 46079 | K4: 46143 | L4: 46257 | M4: 6 | O4: Phone | P4: Awaiting HQ approval | Q4: =IF(OR(H4="Initial Contact",H4="In Discussion",H4="Meeting Scheduled",H4="Engaged"),1,0) -> 0 | R4: =IF(OR(K4="",K4>Analysis!$B$3),"",Analysis!$B$3-K4) -> 157 | S4: =IF(AND(Q4=1,L4<>"",L4<Analysis!$B$3),1,0) -> 0 | T4: =IF(Q4=1,IF(R4="",0,IF(R4>Analysis!$B$4,1,0)),0) -> 0 | U4: =IF(AND(Q4=1,L4=""),1,0) -> 0 | V4: =IF(TRIM(F4)="","Missing",IF(IFERROR(FIND(".",F4,FIND("@",F4)),0)>0,"Valid","Invalid")) -> Valid | W4: =IF(TRIM(G4)="","Missing",IF(OR(AND(LEFT(G4,4)="+91 ",LEN(G4)=15),AND(LEFT(G4,7)="+91 11 ",LEN(G4)=16)),"Valid","Invalid")) -> Valid | X4: =IF(AND(J4<>"",K4<>"",K4<J4),1,0) -> 0 | Y4: =IF(AND(K4<>"",K4>Analysis!$B$3),1,0) -> 0 | Z4: =IF(AND(Q4=1,ISNUMBER(SEARCH("declin",P4))),1,0) -> 0 | AA4: =IF(Q4=1,S4*2+T4*2+U4+IF(I4="",1,0)+IF(N4="High",2,IF(N4="Medium",1,0)),0) -> 0 | AB4: =IF(Q4=0,"",TRIM(IF(S4=1,"Follow-up overdue. ","")&IF(T4=1,"No contact "&Analysis!$B$4&"+ days. ","")&IF(U4=1,"No follow-up date. ","")&IF(I4="","No owner. ","")&IF(Z4=1,"Remarks conflict with status. ","")&IF(X4=1,"Date error (last < first). ","")&IF(Y4=1,"Future-dated contact. ","")))
A5: EMB-004 | B5: Spain | C5: Europe | D5: Leila Bergstrom | E5: Protocol Officer | F5: leila.bergstrom@spain.embassy.example | G5: +91 11 3731 7784 | H5: Engaged | I5: Sameer Khan | J5: 46233 | K5: 46248 | L5: 46287 | M5: 19 | N5: High | O5: Phone | P5: Regular quarterly touchpoints | Q5: =IF(OR(H5="Initial Contact",H5="In Discussion",H5="Meeting Scheduled",H5="Engaged"),1,0) -> 1 | R5: =IF(OR(K5="",K5>Analysis!$B$3),"",Analysis!$B$3-K5) -> 52 | S5: =IF(AND(Q5=1,L5<>"",L5<Analysis!$B$3),1,0) -> 1 | T5: =IF(Q5=1,IF(R5="",0,IF(R5>Analysis!$B$4,1,0)),0) -> 0 | U5: =IF(AND(Q5=1,L5=""),1,0) -> 0 | V5: =IF(TRIM(F5)="","Missing",IF(IFERROR(FIND(".",F5,FIND("@",F5)),0)>0,"Valid","Invalid")) -> Valid | W5: =IF(TRIM(G5)="","Missing",IF(OR(AND(LEFT(G5,4)="+91 ",LEN(G5)=15),AND(LEFT(G5,7)="+91 11 ",LEN(G5)=16)),"Valid","Invalid")) -> Valid | X5: =IF(AND(J5<>"",K5<>"",K5<J5),1,0) -> 0 | Y5: =IF(AND(K5<>"",K5>Analysis!$B$3),1,0) -> 0 | Z5: =IF(AND(Q5=1,ISNUMBER(SEARCH("declin",P5))),1,0) -> 0 | AA5: =IF(Q5=1,S5*2+T5*2+U5+IF(I5="",1,0)+IF(N5="High",2,IF(N5="Medium",1,0)),0) -> 4 | AB5: =IF(Q5=0,"",TRIM(IF(S5=1,"Follow-up overdue. ","")&IF(T5=1,"No contact "&Analysis!$B$4&"+ days. ","")&IF(U5=1,"No follow-up date. ","")&IF(I5="","No owner. ","")&IF(Z5=1,"Remarks conflict with status. ","")&IF(X5=1,"Date error (last < first). ","")&IF(Y5=1,"Future-dated contact. ",""))) -> Follow-up overdue.
A6: EMB-005 | B6: Portugal | C6: Europe | D6: Omar Khalil | E6: Counsellor (Public Affairs) | F6: omar.khalil@portugal.embassy.example | G6: +91 97876 80457 | H6: In Discussion | I6: Anita Deshmukh | J6: 46199 | K6: 46270 | L6: 46295 | M6: 8 | N6: Low | O6: Official Letter | P6: Positive response | Q6: =IF(OR(H6="Initial Contact",H6="In Discussion",H6="Meeting Scheduled",H6="Engaged"),1,0) -> 1 | R6: =IF(OR(K6="",K6>Analysis!$B$3),"",Analysis!$B$3-K6) -> 30 | S6: =IF(AND(Q6=1,L6<>"",L6<Analysis!$B$3),1,0) -> 1 | T6: =IF(Q6=1,IF(R6="",0,IF(R6>Analysis!$B$4,1,0)),0) -> 0 | U6: =IF(AND(Q6=1,L6=""),1,0) -> 0 | V6: =IF(TRIM(F6)="","Missing",IF(IFERROR(FIND(".",F6,FIND("@",F6)),0)>0,"Valid","Invalid")) -> Valid | W6: =IF(TRIM(G6)="","Missing",IF(OR(AND(LEFT(G6,4)="+91 ",LEN(G6)=15),AND(LEFT(G6,7)="+91 11 ",LEN(G6)=16)),"Valid","Invalid")) -> Valid | X6: =IF(AND(J6<>"",K6<>"",K6<J6),1,0) -> 0 | Y6: =IF(AND(K6<>"",K6>Analysis!$B$3),1,0) -> 0 | Z6: =IF(AND(Q6=1,ISNUMBER(SEARCH("declin",P6))),1,0) -> 0 | AA6: =IF(Q6=1,S6*2+T6*2+U6+IF(I6="",1,0)+IF(N6="High",2,IF(N6="Medium",1,0)),0) -> 2 | AB6: =IF(Q6=0,"",TRIM(IF(S6=1,"Follow-up overdue. ","")&IF(T6=1,"No contact "&Analysis!$B$4&"+ days. ","")&IF(U6=1,"No follow-up date. ","")&IF(I6="","No owner. ","")&IF(Z6=1,"Remarks conflict with status. ","")&IF(X6=1,"Date error (last < first). ","")&IF(Y6=1,"Future-dated contact. ",""))) -> Follow-up overdue.
A7: EMB-006 | B7: Netherlands | C7: Europe | D7: Carla Alvarez | E7: Counsellor (Public Affairs) | F7: carla.alvarez@netherlands.embassy.example | G7: +91 11 8193 3190 | H7: Not Started | I7: Neha Kulkarni | K7: 46249 | M7: 2 | P7: Contact details to be verified | Q7: =IF(OR(H7="Initial Contact",H7="In Discussion",H7="Meeting Scheduled",H7="Engaged"),1,0) -> 0 | R7: =IF(OR(K7="",K7>Analysis!$B$3),"",Analysis!$B$3-K7) -> 51 | S7: =IF(AND(Q7=1,L7<>"",L7<Analysis!$B$3),1,0) -> 0 | T7: =IF(Q7=1,IF(R7="",0,IF(R7>Analysis!$B$4,1,0)),0) -> 0 | U7: =IF(AND(Q7=1,L7=""),1,0) -> 0 | V7: =IF(TRIM(F7)="","Missing",IF(IFERROR(FIND(".",F7,FIND("@",F7)),0)>0,"Valid","Invalid")) -> Valid | W7: =IF(TRIM(G7)="","Missing",IF(OR(AND(LEFT(G7,4)="+91 ",LEN(G7)=15),AND(LEFT(G7,7)="+91 11 ",LEN(G7)=16)),"Valid","Invalid")) -> Valid | X7: =IF(AND(J7<>"",K7<>"",K7<J7),1,0) -> 0 | Y7: =IF(AND(K7<>"",K7>Analysis!$B$3),1,0) -> 0 | Z7: =IF(AND(Q7=1,ISNUMBER(SEARCH("declin",P7))),1,0) -> 0 | AA7: =IF(Q7=1,S7*2+T7*2+U7+IF(I7="",1,0)+IF(N7="High",2,IF(N7="Medium",1,0)),0) -> 0 | AB7: =IF(Q7=0,"",TRIM(IF(S7=1,"Follow-up overdue. ","")&IF(T7=1,"No contact "&Analysis!$B$4&"+ days. ","")&IF(U7=1,"No follow-up date. ","")&IF(I7="","No owner. ","")&IF(Z7=1,"Remarks conflict with status. ","")&IF(X7=1,"Date error (last < first). ","")&IF(Y7=1,"Future-dated contact. ","")))
A8: EMB-007 | B8: Belgium | C8: Europe | D8: Amara Okafor | E8: Protocol Officer | F8: amara.okafor@belgium.embassy.example | G8: +91 11 4997 2837 | H8: Engaged | I8: Rahul Verma | J8: 45758 | K8: 46294 | L8: 46316 | N8: Medium | O8: Event | P8: Regular quarterly touchpoints | Q8: =IF(OR(H8="Initial Contact",H8="In Discussion",H8="Meeting Scheduled",H8="Engaged"),1,0) -> 1 | R8: =IF(OR(K8="",K8>Analysis!$B$3),"",Analysis!$B$3-K8) -> 6 | S8: =IF(AND(Q8=1,L8<>"",L8<Analysis!$B$3),1,0) -> 0 | T8: =IF(Q8=1,IF(R8="",0,IF(R8>Analysis!$B$4,1,0)),0) -> 0 | U8: =IF(AND(Q8=1,L8=""),1,0) -> 0 | V8: =IF(TRIM(F8)="","Missing",IF(IFERROR(FIND(".",F8,FIND("@",F8)),0)>0,"Valid","Invalid")) -> Valid | W8: =IF(TRIM(G8)="","Missing",IF(OR(AND(LEFT(G8,4)="+91 ",LEN(G8)=15),AND(LEFT(G8,7)="+91 11 ",LEN(G8)=16)),"Valid","Invalid")) -> Valid | X8: =IF(AND(J8<>"",K8<>"",K8<J8),1,0) -> 0 | Y8: =IF(AND(K8<>"",K8>Analysis!$B$3),1,0) -> 0 | Z8: =IF(AND(Q8=1,ISNUMBER(SEARCH("declin",P8))),1,0) -> 0 | AA8: =IF(Q8=1,S8*2+T8*2+U8+IF(I8="",1,0)+IF(N8="High",2,IF(N8="Medium",1,0)),0) -> 1 | AB8: =IF(Q8=0,"",TRIM(IF(S8=1,"Follow-up overdue. ","")&IF(T8=1,"No contact "&Analysis!$B$4&"+ days. ","")&IF(U8=1,"No follow-up date. ","")&IF(I8="","No owner. ","")&IF(Z8=1,"Remarks conflict with status. ","")&IF(X8=1,"Date error (last < first). ","")&IF(Y8=1,"Future-dated contact. ","")))
A9: EMB-008 | B9: Switzerland | C9: Europe | D9: Elena Rossi | E9: Protocol Officer | F9: elena.rossi@switzerland.embassy.example | G9: +91 11 4475 1779 | H9: Meeting Scheduled | I9: Rahul Verma | J9: 46204 | K9: 46280 | O9: Official Letter | P9: Meeting with Ambassador pending | Q9: =IF(OR(H9="Initial Contact",H9="In Discussion",H9="Meeting Scheduled",H9="Engaged"),1,0) -> 1 | R9: =IF(OR(K9="",K9>Analysis!$B$3),"",Analysis!$B$3-K9) -> 20 | S9: =IF(AND(Q9=1,L9<>"",L9<Analysis!$B$3),1,0) -> 0 | T9: =IF(Q9=1,IF(R9="",0,IF(R9>Analysis!$B$4,1,0)),0) -> 0 | U9: =IF(AND(Q9=1,L9=""),1,0) -> 1 | V9: =IF(TRIM(F9)="","Missing",IF(IFERROR(FIND(".",F9,FIND("@",F9)),0)>0,"Valid","Invalid")) -> Valid | W9: =IF(TRIM(G9)="","Missing",IF(OR(AND(LEFT(G9,4)="+91 ",LEN(G9)=15),AND(LEFT(G9,7)="+91 11 ",LEN(G9)=16)),"Valid","Invalid")) -> Valid | X9: =IF(AND(J9<>"",K9<>"",K9<J9),1,0) -> 0 | Y9: =IF(AND(K9<>"",K9>Analysis!$B$3),1,0) -> 0 | Z9: =IF(AND(Q9=1,ISNUMBER(SEARCH("declin",P9))),1,0) -> 0 | AA9: =IF(Q9=1,S9*2+T9*2+U9+IF(I9="",1,0)+IF(N9="High",2,IF(N9="Medium",1,0)),0) -> 1 | AB9: =IF(Q9=0,"",TRIM(IF(S9=1,"Follow-up overdue. ","")&IF(T9=1,"No contact "&Analysis!$B$4&"+ days. ","")&IF(U9=1,"No follow-up date. ","")&IF(I9="","No owner. ","")&IF(Z9=1,"Remarks conflict with status. ","")&IF(X9=1,"Date error (last < first). ","")&IF(Y9=1,"Future-dated contact. ",""))) -> No follow-up date.
A10: EMB-009 | B10: Austria | C10: Europe | D10: Amara Petrov | E10: Second Secretary | G10: +91 11 7028 3 | H10: Not Started | M10: 0 | P10: Priority list - Q4 | Q10: =IF(OR(H10="Initial Contact",H10="In Discussion",H10="Meeting Scheduled",H10="Engaged"),1,0) -> 0 | R10: =IF(OR(K10="",K10>Analysis!$B$3),"",Analysis!$B$3-K10) | S10: =IF(AND(Q10=1,L10<>"",L10<Analysis!$B$3),1,0) -> 0 | T10: =IF(Q10=1,IF(R10="",0,IF(R10>Analysis!$B$4,1,0)),0) -> 0 | U10: =IF(AND(Q10=1,L10=""),1,0) -> 0 | V10: =IF(TRIM(F10)="","Missing",IF(IFERROR(FIND(".",F10,FIND("@",F10)),0)>0,"Valid","Invalid")) -> Missing | W10: =IF(TRIM(G10)="","Missing",IF(OR(AND(LEFT(G10,4)="+91 ",LEN(G10)=15),AND(LEFT(G10,7)="+91 11 ",LEN(G10)=16)),"Valid","Invalid")) -> Invalid | X10: =IF(AND(J10<>"",K10<>"",K10<J10),1,0) -> 0 | Y10: =IF(AND(K10<>"",K10>Analysis!$B$3),1,0) -> 0 | Z10: =IF(AND(Q10=1,ISNUMBER(SEARCH("declin",P10))),1,0) -> 0 | AA10: =IF(Q10=1,S10*2+T10*2+U10+IF(I10="",1,0)+IF(N10="High",2,IF(N10="Medium",1,0)),0) -> 0 | AB10: =IF(Q10=0,"",TRIM(IF(S10=1,"Follow-up overdue. ","")&IF(T10=1,"No contact "&Analysis!$B$4&"+ days. ","")&IF(U10=1,"No follow-up date. ","")&IF(I10="","No owner. ","")&IF(Z10=1,"Remarks conflict with status. ","")&IF(X10=1,"Date error (last < first). ","")&IF(Y10=1,"Future-dated contact. ","")))
A11: EMB-010 | B11: Sweden | C11: Europe | D11: Joao Garcia | E11: Commercial Counsellor | F11: joao.garcia@sweden.embassy.example | G11: +91 96425 24776 | H11: Initial Contact | I11: Sameer Khan | J11: 46005 | M11: 2 | N11: Medium | O11: Event | P11: Awaiting acknowledgement | Q11: =IF(OR(H11="Initial Contact",H11="In Discussion",H11="Meeting Scheduled",H11="Engaged"),1,0) -> 1 | R11: =IF(OR(K11="",K11>Analysis!$B$3),"",Analysis!$B$3-K11) | S11: =IF(AND(Q11=1,L11<>"",L11<Analysis!$B$3),1,0) -> 0 | T11: =IF(Q11=1,IF(R11="",0,IF(R11>Analysis!$B$4,1,0)),0) -> 0 | U11: =IF(AND(Q11=1,L11=""),1,0) -> 1 | V11: =IF(TRIM(F11)="","Missing",IF(IFERROR(FIND(".",F11,FIND("@",F11)),0)>0,"Valid","Invalid")) -> Valid | W11: =IF(TRIM(G11)="","Missing",IF(OR(AND(LEFT(G11,4)="+91 ",LEN(G11)=15),AND(LEFT(G11,7)="+91 11 ",LEN(G11)=16)),"Valid","Invalid")) -> Valid | X11: =IF(AND(J11<>"",K11<>"",K11<J11),1,0) -> 0 | Y11: =IF(AND(K11<>"",K11>Analysis!$B$3),1,0) -> 0 | Z11: =IF(AND(Q11=1,ISNUMBER(SEARCH("declin",P11))),1,0) -> 0 | AA11: =IF(Q11=1,S11*2+T11*2+U11+IF(I11="",1,0)+IF(N11="High",2,IF(N11="Medium",1,0)),0) -> 2 | AB11: =IF(Q11=0,"",TRIM(IF(S11=1,"Follow-up overdue. ","")&IF(T11=1,"No contact "&Analysis!$B$4&"+ days. ","")&IF(U11=1,"No follow-up date. ","")&IF(I11="","No owner. ","")&IF(Z11=1,"Remarks conflict with status. ","")&IF(X11=1,"Date error (last < first). ","")&IF(Y11=1,"Future-dated contact. ",""))) -> No follow-up date.
A12: EMB-011 | B12: Norway | C12: Europe | D12: Diego Mensah | E12: Second Secretary | F12: diego.mensah@norway.embassy.example | G12: +91 95258 98319 | H12: On Hold | I12: Priya Nair | J12: 45891 | K12: 46233 | L12: 46310 | M12: 2 | N12: Low | O12: Email | P12: Paused - elections | Q12: =IF(OR(H12="Initial Contact",H12="In Discussion",H12="Meeting Scheduled",H12="Engaged"),1,0) -> 0 | R12: =IF(OR(K12="",K12>Analysis!$B$3),"",Analysis!$B$3-K12) -> 67 | S12: =IF(AND(Q12=1,L12<>"",L12<Analysis!$B$3),1,0) -> 0 | T12: =IF(Q12=1,IF(R12="",0,IF(R12>Analysis!$B$4,1,0)),0) -> 0 | U12: =IF(AND(Q12=1,L12=""),1,0) -> 0 | V12: =IF(TRIM(F12)="","Missing",IF(IFERROR(FIND(".",F12,FIND("@",F12)),0)>0,"Valid","Invalid")) -> Valid | W12: =IF(TRIM(G12)="","Missing",IF(OR(AND(LEFT(G12,4)="+91 ",LEN(G12)=15),AND(LEFT(G12,7)="+91 11 ",LEN(G12)=16)),"Valid","Invalid")) -> Valid | X12: =IF(AND(J12<>"",K12<>"",K12<J12),1,0) -> 0 | Y12: =IF(AND(K12<>"",K12>Analysis!$B$3),1,0) -> 0 | Z12: =IF(AND(Q12=1,ISNUMBER(SEARCH("declin",P12))),1,0) -> 0 | AA12: =IF(Q12=1,S12*2+T12*2+U12+IF(I12="",1,0)+IF(N12="High",2,IF(N12="Medium",1,0)),0) -> 0 | AB12: =IF(Q12=0,"",TRIM(IF(S12=1,"Follow-up overdue. ","")&IF(T12=1,"No contact "&Analysis!$B$4&"+ days. ","")&IF(U12=1,"No follow-up date. ","")&IF(I12="","No owner. ","")&IF(Z12=1,"Remarks conflict with status. ","")&IF(X12=1,"Date error (last < first). ","")&IF(Y12=1,"Future-dated contact. ","")))
A13: EMB-012 | B13: Denmark | C13: Europe | D13: Mei Moreau | E13: First Secretary (Political) | F13: mei.moreau@denmark.embassy.example | G13: +91 11 8145 2441 | H13: Meeting Scheduled | I13: Sameer Khan | J13: 46096 | K13: 46195 | L13: 46215 | M13: 6 | N13: Medium | O13: Email | P13: Date to be confirmed | Q13: =IF(OR(H13="Initial Contact",H13="In Discussion",H13="Meeting Scheduled",H13="Engaged"),1,0) -> 1 | R13: =IF(OR(K13="",K13>Analysis!$B$3),"",Analysis!$B$3-K13) -> 105 | S13: =IF(AND(Q13=1,L13<>"",L13<Analysis!$B$3),1,0) -> 1 | T13: =IF(Q13=1,IF(R13="",0,IF(R13>Analysis!$B$4,1,0)),0) -> 1 | U13: =IF(AND(Q13=1,L13=""),1,0) -> 0 | V13: =IF(TRIM(F13)="","Missing",IF(IFERROR(FIND(".",F13,FIND("@",F13)),0)>0,"Valid","Invalid")) -> Valid | W13: =IF(TRIM(G13)="","Missing",IF(OR(AND(LEFT(G13,4)="+91 ",LEN(G13)=15),AND(LEFT(G13,7)="+91 11 ",LEN(G13)=16)),"Valid","Invalid")) -> Valid | X13: =IF(AND(J13<>"",K13<>"",K13<J13),1,0) -> 0 | Y13: =IF(AND(K13<>"",K13>Analysis!$B$3),1,0) -> 0 | Z13: =IF(AND(Q13=1,ISNUMBER(SEARCH("declin",P13))),1,0) -> 0 | AA13: =IF(Q13=1,S13*2+T13*2+U13+IF(I13="",1,0)+IF(N13="High",2,IF(N13="Medium",1,0)),0) -> 5 | AB13: =IF(Q13=0,"",TRIM(IF(S13=1,"Follow-up overdue. ","")&IF(T13=1,"No contact "&Analysis!$B$4&"+ days. ","")&IF(U13=1,"No follow-up date. ","")&IF(I13="","No owner. ","")&IF(Z13=1,"Remarks conflict with status. ","")&IF(X13=1,"Date error (last < first). ","")&IF(Y13=1,"Future-dated contact. ",""))) -> Follow-up overdue. No contact 90+ days.
A14: EMB-013 | B14: Finland | C14: Europe | D14: Stefan Petrov | E14: First Secretary (Political) | F14: stefan.petrov@finland.embassy.example | G14: +91 11 5158 4645 | H14: In Discussion | I14: Arjun Mehta | J14: 45696 | K14: 46289 | L14: 46321 | M14: 5 | N14: Medium | O14: Email | P14: Positive response | Q14: =IF(OR(H14="Initial Contact",H14="In Discussion",H14="Meeting Scheduled",H14="Engaged"),1,0) -> 1 | R14: =IF(OR(K14="",K14>Analysis!$B$3),"",Analysis!$B$3-K14) -> 11 | S14: =IF(AND(Q14=1,L14<>"",L14<Analysis!$B$3),1,0) -> 0 | T14: =IF(Q14=1,IF(R14="",0,IF(R14>Analysis!$B$4,1,0)),0) -> 0 | U14: =IF(AND(Q14=1,L14=""),1,0) -> 0 | V14: =IF(TRIM(F14)="","Missing",IF(IFERROR(FIND(".",F14,FIND("@",F14)),0)>0,"Valid","Invalid")) -> Valid | W14: =IF(TRIM(G14)="","Missing",IF(OR(AND(LEFT(G14,4)="+91 ",LEN(G14)=15),AND(LEFT(G14,7)="+91 11 ",LEN(G14)=16)),"Valid","Invalid")) -> Valid | X14: =IF(AND(J14<>"",K14<>"",K14<J14),1,0) -> 0 | Y14: =IF(AND(K14<>"",K14>Analysis!$B$3),1,0) -> 0 | Z14: =IF(AND(Q14=1,ISNUMBER(SEARCH("declin",P14))),1,0) -> 0 | AA14: =IF(Q14=1,S14*2+T14*2+U14+IF(I14="",1,0)+IF(N14="High",2,IF(N14="Medium",1,0)),0) -> 1 | AB14: =IF(Q14=0,"",TRIM(IF(S14=1,"Follow-up overdue. ","")&IF(T14=1,"No contact "&Analysis!$B$4&"+ days. ","")&IF(U14=1,"No follow-up date. ","")&IF(I14="","No owner. ","")&IF(Z14=1,"Remarks conflict with status. ","")&IF(X14=1,"Date error (last < first). ","")&IF(Y14=1,"Future-dated contact. ","")))
A15: EMB-014 | B15: Poland | C15: Europe | D15: Aisha Tanaka | E15: Press & Information Officer | F15: aisha.tanaka@poland.embassy.example | G15: +91 11 4940 6925 | H15: Meeting Scheduled | I15: Sameer Khan | J15: 45917 | K15: 46383 | M15: 8 | N15: Medium | O15: Phone | P15: Date to be confirmed | Q15: =IF(OR(H15="Initial Contact",H15="In Discussion",H15="Meeting Scheduled",H15="Engaged"),1,0) -> 1 | R15: =IF(OR(K15="",K15>Analysis!$B$3),"",Analysis!$B$3-K15) | S15: =IF(AND(Q15=1,L15<>"",L15<Analysis!$B$3),1,0) -> 0 | T15: =IF(Q15=1,IF(R15="",0,IF(R15>Analysis!$B$4,1,0)),0) -> 0 | U15: =IF(AND(Q15=1,L15=""),1,0) -> 1 | V15: =IF(TRIM(F15)="","Missing",IF(IFERROR(FIND(".",F15,FIND("@",F15)),0)>0,"Valid","Invalid")) -> Valid | W15: =IF(TRIM(G15)="","Missing",IF(OR(AND(LEFT(G15,4)="+91 ",LEN(G15)=15),AND(LEFT(G15,7)="+91 11 ",LEN(G15)=16)),"Valid","Invalid")) -> Valid | X15: =IF(AND(J15<>"",K15<>"",K15<J15),1,0) -> 0 | Y15: =IF(AND(K15<>"",K15>Analysis!$B$3),1,0) -> 1 | Z15: =IF(AND(Q15=1,ISNUMBER(SEARCH("declin",P15))),1,0) -> 0 | AA15: =IF(Q15=1,S15*2+T15*2+U15+IF(I15="",1,0)+IF(N15="High",2,IF(N15="Medium",1,0)),0) -> 2 | AB15: =IF(Q15=0,"",TRIM(IF(S15=1,"Follow-up overdue. ","")&IF(T15=1,"No contact "&Analysis!$B$4&"+ days. ","")&IF(U15=1,"No follow-up date. ","")&IF(I15="","No owner. ","")&IF(Z15=1,"Remarks conflict with status. ","")&IF(X15=1,"Date error (last < first). ","")&IF(Y15=1,"Future-dated contact. ",""))) -> No follow-up date. Future-dated contact.
A16: EMB-015 | B16: Czech Republic | C16: Europe | D16: Sofia Larsen | E16: Counsellor (Public Affairs) | F16: sofia.larsen@czechrepubli.embassy.example | G16: +91 99128 08458 | H16: In Discussion | I16: Arjun Mehta | J16: 45729 | K16: 46269 | L16: 46323 | M16: 6 | N16: High | O16: Official Letter | P16: Reviewing MoU wording | Q16: =IF(OR(H16="Initial Contact",H16="In Discussion",H16="Meeting Scheduled",H16="Engaged"),1,0) -> 1 | R16: =IF(OR(K16="",K16>Analysis!$B$3),"",Analysis!$B$3-K16) -> 31 | S16: =IF(AND(Q16=1,L16<>"",L16<Analysis!$B$3),1,0) -> 0 | T16: =IF(Q16=1,IF(R16="",0,IF(R16>Analysis!$B$4,1,0)),0) -> 0 | U16: =IF(AND(Q16=1,L16=""),1,0) -> 0 | V16: =IF(TRIM(F16)="","Missing",IF(IFERROR(FIND(".",F16,FIND("@",F16)),0)>0,"Valid","Invalid")) -> Valid | W16: =IF(TRIM(G16)="","Missing",IF(OR(AND(LEFT(G16,4)="+91 ",LEN(G16)=15),AND(LEFT(G16,7)="+91 11 ",LEN(G16)=16)),"Valid","Invalid")) -> Valid | X16: =IF(AND(J16<>"",K16<>"",K16<J16),1,0) -> 0 | Y16: =IF(AND(K16<>"",K16>Analysis!$B$3),1,0) -> 0 | Z16: =IF(AND(Q16=1,ISNUMBER(SEARCH("declin",P16))),1,0) -> 0 | AA16: =IF(Q16=1,S16*2+T16*2+U16+IF(I16="",1,0)+IF(N16="High",2,IF(N16="Medium",1,0)),0) -> 2 | AB16: =IF(Q16=0,"",TRIM(IF(S16=1,"Follow-up overdue. ","")&IF(T16=1,"No contact "&Analysis!$B$4&"+ days. ","")&IF(U16=1,"No follow-up date. ","")&IF(I16="","No owner. ","")&IF(Z16=1,"Remarks conflict with status. ","")&IF(X16=1,"Date error (last < first). ","")&IF(Y16=1,"Future-dated contact. ","")))
A17: EMB-016 | B17: Hungary | C17: Europe | D17: Fatima Moreau | E17: Cultural Attache | F17: fatima.moreau@hungary.embassy.example | H17: Initial Contact | I17: Arjun Mehta | J17: 45829 | K17: 46299 | M17: 2 | N17: Low | O17: Official Letter | P17: Note verbale sent | Q17: =IF(OR(H17="Initial Contact",H17="In Discussion",H17="Meeting Scheduled",H17="Engaged"),1,0) -> 1 | R17: =IF(OR(K17="",K17>Analysis!$B$3),"",Analysis!$B$3-K17) -> 1 | S17: =IF(AND(Q17=1,L17<>"",L17<Analysis!$B$3),1,0) -> 0 | T17: =IF(Q17=1,IF(R17="",0,IF(R17>Analysis!$B$4,1,0)),0) -> 0 | U17: =IF(AND(Q17=1,L17=""),1,0) -> 1 | V17: =IF(TRIM(F17)="","Missing",IF(IFERROR(FIND(".",F17,FIND("@",F17)),0)>0,"Valid","Invalid")) -> Valid | W17: =IF(TRIM(G17)="","Missing",IF(OR(AND(LEFT(G17,4)="+91 ",LEN(G17)=15),AND(LEFT(G17,7)="+91 11 ",LEN(G17)=16)),"Valid","Invalid")) -> Missing | X17: =IF(AND(J17<>"",K17<>"",K17<J17),1,0) -> 0 | Y17: =IF(AND(K17<>"",K17>Analysis!$B$3),1,0) -> 0 | Z17: =IF(AND(Q17=1,ISNUMBER(SEARCH("declin",P17))),1,0) -> 0 | AA17: =IF(Q17=1,S17*2+T17*2+U17+IF(I17="",1,0)+IF(N17="High",2,IF(N17="Medium",1,0)),0) -> 1 | AB17: =IF(Q17=0,"",TRIM(IF(S17=1,"Follow-up overdue. ","")&IF(T17=1,"No contact "&Analysis!$B$4&"+ days. ","")&IF(U17=1,"No follow-up date. ","")&IF(I17="","No owner. ","")&IF(Z17=1,"Remarks conflict with status. ","")&IF(X17=1,"Date error (last < first). ","")&IF(Y17=1,"Future-dated contact. ",""))) -> No follow-up date.
A18: EMB-017 | B18: Greece | C18: Europe | D18: Omar Alvarez | E18: First Secretary (Political) | F18: omar.alvarez@greece.embassy.example | G18: +91 11 2668 8281 | H18: Not Started | I18: Rahul Verma | M18: 0 | P18: Priority list - Q4 | Q18: =IF(OR(H18="Initial Contact",H18="In Discussion",H18="Meeting Scheduled",H18="Engaged"),1,0) -> 0 | R18: =IF(OR(K18="",K18>Analysis!$B$3),"",Analysis!$B$3-K18) | S18: =IF(AND(Q18=1,L18<>"",L18<Analysis!$B$3),1,0) -> 0 | T18: =IF(Q18=1,IF(R18="",0,IF(R18>Analysis!$B$4,1,0)),0) -> 0 | U18: =IF(AND(Q18=1,L18=""),1,0) -> 0 | V18: =IF(TRIM(F18)="","Missing",IF(IFERROR(FIND(".",F18,FIND("@",F18)),0)>0,"Valid","Invalid")) -> Valid | W18: =IF(TRIM(G18)="","Missing",IF(OR(AND(LEFT(G18,4)="+91 ",LEN(G18)=15),AND(LEFT(G18,7)="+91 11 ",LEN(G18)=16)),"Valid","Invalid")) -> Valid | X18: =IF(AND(J18<>"",K18<>"",K18<J18),1,0) -> 0 | Y18: =IF(AND(K18<>"",K18>Analysis!$B$3),1,0) -> 0 | Z18: =IF(AND(Q18=1,ISNUMBER(SEARCH("declin",P18))),1,0) -> 0 | AA18: =IF(Q18=1,S18*2+T18*2+U18+IF(I18="",1,0)+IF(N18="High",2,IF(N18="Medium",1,0)),0) -> 0 | AB18: =IF(Q18=0,"",TRIM(IF(S18=1,"Follow-up overdue. ","")&IF(T18=1,"No contact "&Analysis!$B$4&"+ days. ","")&IF(U18=1,"No follow-up date. ","")&IF(I18="","No owner. ","")&IF(Z18=1,"Remarks conflict with status. ","")&IF(X18=1,"Date error (last < first). ","")&IF(Y18=1,"Future-dated contact. ","")))
A19: EMB-018 | B19: Ireland | C19: Europe | D19: Fatima Novak | E19: Cultural Attache | F19: fatima.novak@ireland.embassy.example | G19: +91 11 6324 4845 | H19: In Discussion | I19: Sameer Khan | J19: 45681 | K19: 46087 | L19: 46128 | M19: 0 | N19: Medium | O19: Phone | P19: Draft proposal shared | Q19: =IF(OR(H19="Initial Contact",H19="In Discussion",H19="Meeting Scheduled",H19="Engaged"),1,0) -> 1 | R19: =IF(OR(K19="",K19>Analysis!$B$3),"",Analysis!$B$3-K19) -> 213 | S19: =IF(AND(Q19=1,L19<>"",L19<Analysis!$B$3),1,0) -> 1 | T19: =IF(Q19=1,IF(R19="",0,IF(R19>Analysis!$B$4,1,0)),0) -> 1 | U19: =IF(AND(Q19=1,L19=""),1,0) -> 0 | V19: =IF(TRIM(F19)="","Missing",IF(IFERROR(FIND(".",F19,FIND("@",F19)),0)>0,"Valid","Invalid")) -> Valid | W19: =IF(TRIM(G19)="","Missing",IF(OR(AND(LEFT(G19,4)="+91 ",LEN(G19)=15),AND(LEFT(G19,7)="+91 11 ",LEN(G19)=16)),"Valid","Invalid")) -> Valid | X19: =IF(AND(J19<>"",K19<>"",K19<J19),1,0) -> 0 | Y19: =IF(AND(K19<>"",K19>Analysis!$B$3),1,0) -> 0 | Z19: =IF(AND(Q19=1,ISNUMBER(SEARCH("declin",P19))),1,0) -> 0 | AA19: =IF(Q19=1,S19*2+T19*2+U19+IF(I19="",1,0)+IF(N19="High",2,IF(N19="Medium",1,0)),0) -> 5 | AB19: =IF(Q19=0,"",TRIM(IF(S19=1,"Follow-up overdue. ","")&IF(T19=1,"No contact "&Analysis!$B$4&"+ days. ","")&IF(U19=1,"No follow-up date. ","")&IF(I19="","No owner. ","")&IF(Z19=1,"Remarks conflict with status. ","")&IF(X19=1,"Date error (last < first). ","")&IF(Y19=1,"Future-dated contact. ",""))) -> Follow-up overdue. No contact 90+ days.
A20: EMB-019 | B20: United Kingdom | C20: Europe | D20: Amara Rossi | E20: Cultural Attache | F20: amara.rossi@unitedkingdo.embassy.example | G20: +91 91543 82993 | H20: On Hold | I20: Anita Deshmukh | J20: 46168 | K20: 46273 | L20: 46379 | M20: 4 | N20: Low | O20: Event | P20: Awaiting HQ approval | Q20: =IF(OR(H20="Initial Contact",H20="In Discussion",H20="Meeting Scheduled",H20="Engaged"),1,0) -> 0 | R20: =IF(OR(K20="",K20>Analysis!$B$3),"",Analysis!$B$3-K20) -> 27 | S20: =IF(AND(Q20=1,L20<>"",L20<Analysis!$B$3),1,0) -> 0 | T20: =IF(Q20=1,IF(R20="",0,IF(R20>Analysis!$B$4,1,0)),0) -> 0 | U20: =IF(AND(Q20=1,L20=""),1,0) -> 0 | V20: =IF(TRIM(F20)="","Missing",IF(IFERROR(FIND(".",F20,FIND("@",F20)),0)>0,"Valid","Invalid")) -> Valid | W20: =IF(TRIM(G20)="","Missing",IF(OR(AND(LEFT(G20,4)="+91 ",LEN(G20)=15),AND(LEFT(G20,7)="+91 11 ",LEN(G20)=16)),"Valid","Invalid")) -> Valid | X20: =IF(AND(J20<>"",K20<>"",K20<J20),1,0) -> 0 | Y20: =IF(AND(K20<>"",K20>Analysis!$B$3),1,0) -> 0 | Z20: =IF(AND(Q20=1,ISNUMBER(SEARCH("declin",P20))),1,0) -> 0 | AA20: =IF(Q20=1,S20*2+T20*2+U20+IF(I20="",1,0)+IF(N20="High",2,IF(N20="Medium",1,0)),0) -> 0 | AB20: =IF(Q20=0,"",TRIM(IF(S20=1,"Follow-up overdue. ","")&IF(T20=1,"No contact "&Analysis!$B$4&"+ days. ","")&IF(U20=1,"No follow-up date. ","")&IF(I20="","No owner. ","")&IF(Z20=1,"Remarks conflict with status. ","")&IF(X20=1,"Date error (last < first). ","")&IF(Y20=1,"Future-dated contact. ","")))
A21: EMB-020 | B21: Russia | C21: Europe | D21: Carla Alvarez | E21: Press & Information Officer | F21: carla.alvarez@russia.embassy.example | G21: +91 11 2174 4325 | H21: Engaged | I21: Neha Kulkarni | J21: 46002 | K21: 46083 | L21: 46122 | M21: 18 | N21: High | O21: Event | P21: Regular quarterly touchpoints | Q21: =IF(OR(H21="Initial Contact",H21="In Discussion",H21="Meeting Scheduled",H21="Engaged"),1,0) -> 1 | R21: =IF(OR(K21="",K21>Analysis!$B$3),"",Analysis!$B$3-K21) -> 217 | S21: =IF(AND(Q21=1,L21<>"",L21<Analysis!$B$3),1,0) -> 1 | T21: =IF(Q21=1,IF(R21="",0,IF(R21>Analysis!$B$4,1,0)),0) -> 1 | U21: =IF(AND(Q21=1,L21=""),1,0) -> 0 | V21: =IF(TRIM(F21)="","Missing",IF(IFERROR(FIND(".",F21,FIND("@",F21)),0)>0,"Valid","Invalid")) -> Valid | W21: =IF(TRIM(G21)="","Missing",IF(OR(AND(LEFT(G21,4)="+91 ",LEN(G21)=15),AND(LEFT(G21,7)="+91 11 ",LEN(G21)=16)),"Valid","Invalid")) -> Valid | X21: =IF(AND(J21<>"",K21<>"",K21<J21),1,0) -> 0 | Y21: =IF(AND(K21<>"",K21>Analysis!$B$3),1,0) -> 0 | Z21: =IF(AND(Q21=1,ISNUMBER(SEARCH("declin",P21))),1,0) -> 0 | AA21: =IF(Q21=1,S21*2+T21*2+U21+IF(I21="",1,0)+IF(N21="High",2,IF(N21="Medium",1,0)),0) -> 6 | AB21: =IF(Q21=0,"",TRIM(IF(S21=1,"Follow-up overdue. ","")&IF(T21=1,"No contact "&Analysis!$B$4&"+ days. ","")&IF(U21=1,"No follow-up date. ","")&IF(I21="","No owner. ","")&IF(Z21=1,"Remarks conflict with status. ","")&IF(X21=1,"Date error (last < first). ","")&IF(Y21=1,"Future-dated contact. ",""))) -> Follow-up overdue. No contact 90+ days.
A22: EMB-021 | B22: Japan | C22: Asia-Pacific | D22: Omar Larsen | E22: Counsellor (Public Affairs) | F22: omar.larsen@japan.embassy.example | G22: +91 11 6264 5154 | H22: Meeting Scheduled | I22: Sameer Khan | J22: 45820 | K22: 46252 | L22: 46280 | M22: 8 | N22: Medium | O22: Meeting | P22: Date to be confirmed | Q22: =IF(OR(H22="Initial Contact",H22="In Discussion",H22="Meeting Scheduled",H22="Engaged"),1,0) -> 1 | R22: =IF(OR(K22="",K22>Analysis!$B$3),"",Analysis!$B$3-K22) -> 48 | S22: =IF(AND(Q22=1,L22<>"",L22<Analysis!$B$3),1,0) -> 1 | T22: =IF(Q22=1,IF(R22="",0,IF(R22>Analysis!$B$4,1,0)),0) -> 0 | U22: =IF(AND(Q22=1,L22=""),1,0) -> 0 | V22: =IF(TRIM(F22)="","Missing",IF(IFERROR(FIND(".",F22,FIND("@",F22)),0)>0,"Valid","Invalid")) -> Valid | W22: =IF(TRIM(G22)="","Missing",IF(OR(AND(LEFT(G22,4)="+91 ",LEN(G22)=15),AND(LEFT(G22,7)="+91 11 ",LEN(G22)=16)),"Valid","Invalid")) -> Valid | X22: =IF(AND(J22<>"",K22<>"",K22<J22),1,0) -> 0 | Y22: =IF(AND(K22<>"",K22>Analysis!$B$3),1,0) -> 0 | Z22: =IF(AND(Q22=1,ISNUMBER(SEARCH("declin",P22))),1,0) -> 0 | AA22: =IF(Q22=1,S22*2+T22*2+U22+IF(I22="",1,0)+IF(N22="High",2,IF(N22="Medium",1,0)),0) -> 3 | AB22: =IF(Q22=0,"",TRIM(IF(S22=1,"Follow-up overdue. ","")&IF(T22=1,"No contact "&Analysis!$B$4&"+ days. ","")&IF(U22=1,"No follow-up date. ","")&IF(I22="","No owner. ","")&IF(Z22=1,"Remarks conflict with status. ","")&IF(X22=1,"Date error (last < first). ","")&IF(Y22=1,"Future-dated contact. ",""))) -> Follow-up overdue.
A23: EMB-022 | B23: South Korea | C23: Asia-Pacific | D23: Sofia Silva | E23: Second Secretary | F23: sofia.silva@southkorea.embassy.example | G23: +91 97883 65506 | H23: Engaged | I23: Rahul Verma | J23: 45945 | K23: 46253 | L23: 46275 | M23: 0 | O23: Meeting | P23: Embassy declined further participation | Q23: =IF(OR(H23="Initial Contact",H23="In Discussion",H23="Meeting Scheduled",H23="Engaged"),1,0) -> 1 | R23: =IF(OR(K23="",K23>Analysis!$B$3),"",Analysis!$B$3-K23) -> 47 | S23: =IF(AND(Q23=1,L23<>"",L23<Analysis!$B$3),1,0) -> 1 | T23: =IF(Q23=1,IF(R23="",0,IF(R23>Analysis!$B$4,1,0)),0) -> 0 | U23: =IF(AND(Q23=1,L23=""),1,0) -> 0 | V23: =IF(TRIM(F23)="","Missing",IF(IFERROR(FIND(".",F23,FIND("@",F23)),0)>0,"Valid","Invalid")) -> Valid | W23: =IF(TRIM(G23)="","Missing",IF(OR(AND(LEFT(G23,4)="+91 ",LEN(G23)=15),AND(LEFT(G23,7)="+91 11 ",LEN(G23)=16)),"Valid","Invalid")) -> Valid | X23: =IF(AND(J23<>"",K23<>"",K23<J23),1,0) -> 0 | Y23: =IF(AND(K23<>"",K23>Analysis!$B$3),1,0) -> 0 | Z23: =IF(AND(Q23=1,ISNUMBER(SEARCH("declin",P23))),1,0) -> 1 | AA23: =IF(Q23=1,S23*2+T23*2+U23+IF(I23="",1,0)+IF(N23="High",2,IF(N23="Medium",1,0)),0) -> 2 | AB23: =IF(Q23=0,"",TRIM(IF(S23=1,"Follow-up overdue. ","")&IF(T23=1,"No contact "&Analysis!$B$4&"+ days. ","")&IF(U23=1,"No follow-up date. ","")&IF(I23="","No owner. ","")&IF(Z23=1,"Remarks conflict with status. ","")&IF(X23=1,"Date error (last < first). ","")&IF(Y23=1,"Future-dated contact. ",""))) -> Follow-up overdue. Remarks conflict with status.
A24: EMB-023 | B24: China | C24: Asia-Pacific | D24: Fatima Moreau | E24: Second Secretary | F24: fatima.moreau@china.embassy.example | G24: +91 11 3784 9518 | H24: Engaged | I24: Rahul Verma | J24: 45769 | K24: 46292 | L24: 46335 | M24: 8 | N24: High | O24: Email | P24: Active collaboration | Q24: =IF(OR(H24="Initial Contact",H24="In Discussion",H24="Meeting Scheduled",H24="Engaged"),1,0) -> 1 | R24: =IF(OR(K24="",K24>Analysis!$B$3),"",Analysis!$B$3-K24) -> 8 | S24: =IF(AND(Q24=1,L24<>"",L24<Analysis!$B$3),1,0) -> 0 | T24: =IF(Q24=1,IF(R24="",0,IF(R24>Analysis!$B$4,1,0)),0) -> 0 | U24: =IF(AND(Q24=1,L24=""),1,0) -> 0 | V24: =IF(TRIM(F24)="","Missing",IF(IFERROR(FIND(".",F24,FIND("@",F24)),0)>0,"Valid","Invalid")) -> Valid | W24: =IF(TRIM(G24)="","Missing",IF(OR(AND(LEFT(G24,4)="+91 ",LEN(G24)=15),AND(LEFT(G24,7)="+91 11 ",LEN(G24)=16)),"Valid","Invalid")) -> Valid | X24: =IF(AND(J24<>"",K24<>"",K24<J24),1,0) -> 0 | Y24: =IF(AND(K24<>"",K24>Analysis!$B$3),1,0) -> 0 | Z24: =IF(AND(Q24=1,ISNUMBER(SEARCH("declin",P24))),1,0) -> 0 | AA24: =IF(Q24=1,S24*2+T24*2+U24+IF(I24="",1,0)+IF(N24="High",2,IF(N24="Medium",1,0)),0) -> 2 | AB24: =IF(Q24=0,"",TRIM(IF(S24=1,"Follow-up overdue. ","")&IF(T24=1,"No contact "&Analysis!$B$4&"+ days. ","")&IF(U24=1,"No follow-up date. ","")&IF(I24="","No owner. ","")&IF(Z24=1,"Remarks conflict with status. ","")&IF(X24=1,"Date error (last < first). ","")&IF(Y24=1,"Future-dated contact. ","")))
A25: EMB-024 | B25: Indonesia | C25: Asia-Pacific | D25: Andrei Tanaka | E25: Protocol Officer | F25: andrei.tanaka@indonesia.embassy.example | G25: +91 11 7837 5555 | H25: Initial Contact | J25: 46172 | K25: 46173 | L25: 46228 | M25: 2 | N25: Medium | O25: Meeting | P25: Intro call held | Q25: =IF(OR(H25="Initial Contact",H25="In Discussion",H25="Meeting Scheduled",H25="Engaged"),1,0) -> 1 | R25: =IF(OR(K25="",K25>Analysis!$B$3),"",Analysis!$B$3-K25) -> 127 | S25: =IF(AND(Q25=1,L25<>"",L25<Analysis!$B$3),1,0) -> 1 | T25: =IF(Q25=1,IF(R25="",0,IF(R25>Analysis!$B$4,1,0)),0) -> 1 | U25: =IF(AND(Q25=1,L25=""),1,0) -> 0 | V25: =IF(TRIM(F25)="","Missing",IF(IFERROR(FIND(".",F25,FIND("@",F25)),0)>0,"Valid","Invalid")) -> Valid | W25: =IF(TRIM(G25)="","Missing",IF(OR(AND(LEFT(G25,4)="+91 ",LEN(G25)=15),AND(LEFT(G25,7)="+91 11 ",LEN(G25)=16)),"Valid","Invalid")) -> Valid | X25: =IF(AND(J25<>"",K25<>"",K25<J25),1,0) -> 0 | Y25: =IF(AND(K25<>"",K25>Analysis!$B$3),1,0) -> 0 | Z25: =IF(AND(Q25=1,ISNUMBER(SEARCH("declin",P25))),1,0) -> 0 | AA25: =IF(Q25=1,S25*2+T25*2+U25+IF(I25="",1,0)+IF(N25="High",2,IF(N25="Medium",1,0)),0) -> 6 | AB25: =IF(Q25=0,"",TRIM(IF(S25=1,"Follow-up overdue. ","")&IF(T25=1,"No contact "&Analysis!$B$4&"+ days. ","")&IF(U25=1,"No follow-up date. ","")&IF(I25="","No owner. ","")&IF(Z25=1,"Remarks conflict with status. ","")&IF(X25=1,"Date error (last < first). ","")&IF(Y25=1,"Future-dated contact. ",""))) -> Follow-up overdue. No contact 90+ days. No owner.
A26: EMB-025 | B26: Malaysia | C26: Asia-Pacific | D26: Nadia Tanaka | E26: Protocol Officer | F26: nadia.tanaka@malaysia.embassy.example | G26: +91 91884 79 | H26: Initial Contact | I26: Priya Nair | J26: 45997 | K26: 46246 | L26: 46271 | M26: 1 | N26: Medium | O26: Meeting | P26: Note verbale sent | Q26: =IF(OR(H26="Initial Contact",H26="In Discussion",H26="Meeting Scheduled",H26="Engaged"),1,0) -> 1 | R26: =IF(OR(K26="",K26>Analysis!$B$3),"",Analysis!$B$3-K26) -> 54 | S26: =IF(AND(Q26=1,L26<>"",L26<Analysis!$B$3),1,0) -> 1 | T26: =IF(Q26=1,IF(R26="",0,IF(R26>Analysis!$B$4,1,0)),0) -> 0 | U26: =IF(AND(Q26=1,L26=""),1,0) -> 0 | V26: =IF(TRIM(F26)="","Missing",IF(IFERROR(FIND(".",F26,FIND("@",F26)),0)>0,"Valid","Invalid")) -> Valid | W26: =IF(TRIM(G26)="","Missing",IF(OR(AND(LEFT(G26,4)="+91 ",LEN(G26)=15),AND(LEFT(G26,7)="+91 11 ",LEN(G26)=16)),"Valid","Invalid")) -> Invalid | X26: =IF(AND(J26<>"",K26<>"",K26<J26),1,0) -> 0 | Y26: =IF(AND(K26<>"",K26>Analysis!$B$3),1,0) -> 0 | Z26: =IF(AND(Q26=1,ISNUMBER(SEARCH("declin",P26))),1,0) -> 0 | AA26: =IF(Q26=1,S26*2+T26*2+U26+IF(I26="",1,0)+IF(N26="High",2,IF(N26="Medium",1,0)),0) -> 3 | AB26: =IF(Q26=0,"",TRIM(IF(S26=1,"Follow-up overdue. ","")&IF(T26=1,"No contact "&Analysis!$B$4&"+ days. ","")&IF(U26=1,"No follow-up date. ","")&IF(I26="","No owner. ","")&IF(Z26=1,"Remarks conflict with status. ","")&IF(X26=1,"Date error (last < first). ","")&IF(Y26=1,"Future-dated contact. ",""))) -> Follow-up overdue.
A27: EMB-026 | B27: Singapore | C27: Asia-Pacific | D27: Omar Rossi | E27: Counsellor (Public Affairs) | F27: omar.rossi@singapore.embassy.example | G27: +91 11 3688 2834 | H27: Closed | I27: Arjun Mehta | J27: 45811 | K27: 46216 | M27: 2 | N27: Low | O27: Email | P27: Declined - policy restrictions | Q27: =IF(OR(H27="Initial Contact",H27="In Discussion",H27="Meeting Scheduled",H27="Engaged"),1,0) -> 0 | R27: =IF(OR(K27="",K27>Analysis!$B$3),"",Analysis!$B$3-K27) -> 84 | S27: =IF(AND(Q27=1,L27<>"",L27<Analysis!$B$3),1,0) -> 0 | T27: =IF(Q27=1,IF(R27="",0,IF(R27>Analysis!$B$4,1,0)),0) -> 0 | U27: =IF(AND(Q27=1,L27=""),1,0) -> 0 | V27: =IF(TRIM(F27)="","Missing",IF(IFERROR(FIND(".",F27,FIND("@",F27)),0)>0,"Valid","Invalid")) -> Valid | W27: =IF(TRIM(G27)="","Missing",IF(OR(AND(LEFT(G27,4)="+91 ",LEN(G27)=15),AND(LEFT(G27,7)="+91 11 ",LEN(G27)=16)),"Valid","Invalid")) -> Valid | X27: =IF(AND(J27<>"",K27<>"",K27<J27),1,0) -> 0 | Y27: =IF(AND(K27<>"",K27>Analysis!$B$3),1,0) -> 0 | Z27: =IF(AND(Q27=1,ISNUMBER(SEARCH("declin",P27))),1,0) -> 0 | AA27: =IF(Q27=1,S27*2+T27*2+U27+IF(I27="",1,0)+IF(N27="High",2,IF(N27="Medium",1,0)),0) -> 0 | AB27: =IF(Q27=0,"",TRIM(IF(S27=1,"Follow-up overdue. ","")&IF(T27=1,"No contact "&Analysis!$B$4&"+ days. ","")&IF(U27=1,"No follow-up date. ","")&IF(I27="","No owner. ","")&IF(Z27=1,"Remarks conflict with status. ","")&IF(X27=1,"Date error (last < first). ","")&IF(Y27=1,"Future-dated contact. ","")))
A28: EMB-027 | B28: Thailand | C28: Asia-Pacific | D28: Diego Alvarez | E28: Second Secretary | F28: diego.alvarez@thailand.embassy.example | G28: +91 11 7044 2248 | H28: Engaged | I28: Priya Nair | J28: 46140 | K28: 46277 | L28: 46294 | M28: 12 | N28: High | O28: Event | P28: Co-hosted event in Q2 | Q28: =IF(OR(H28="Initial Contact",H28="In Discussion",H28="Meeting Scheduled",H28="Engaged"),1,0) -> 1 | R28: =IF(OR(K28="",K28>Analysis!$B$3),"",Analysis!$B$3-K28) -> 23 | S28: =IF(AND(Q28=1,L28<>"",L28<Analysis!$B$3),1,0) -> 1 | T28: =IF(Q28=1,IF(R28="",0,IF(R28>Analysis!$B$4,1,0)),0) -> 0 | U28: =IF(AND(Q28=1,L28=""),1,0) -> 0 | V28: =IF(TRIM(F28)="","Missing",IF(IFERROR(FIND(".",F28,FIND("@",F28)),0)>0,"Valid","Invalid")) -> Valid | W28: =IF(TRIM(G28)="","Missing",IF(OR(AND(LEFT(G28,4)="+91 ",LEN(G28)=15),AND(LEFT(G28,7)="+91 11 ",LEN(G28)=16)),"Valid","Invalid")) -> Valid | X28: =IF(AND(J28<>"",K28<>"",K28<J28),1,0) -> 0 | Y28: =IF(AND(K28<>"",K28>Analysis!$B$3),1,0) -> 0 | Z28: =IF(AND(Q28=1,ISNUMBER(SEARCH("declin",P28))),1,0) -> 0 | AA28: =IF(Q28=1,S28*2+T28*2+U28+IF(I28="",1,0)+IF(N28="High",2,IF(N28="Medium",1,0)),0) -> 4 | AB28: =IF(Q28=0,"",TRIM(IF(S28=1,"Follow-up overdue. ","")&IF(T28=1,"No contact "&Analysis!$B$4&"+ days. ","")&IF(U28=1,"No follow-up date. ","")&IF(I28="","No owner. ","")&IF(Z28=1,"Remarks conflict with status. ","")&IF(X28=1,"Date error (last < first). ","")&IF(Y28=1,"Future-dated contact. ",""))) -> Follow-up overdue.
A29: EMB-028 | B29: Vietnam | C29: Asia-Pacific | D29: Diego Garcia | E29: Commercial Counsellor | F29: diego.garcia@vietnam.embassy.example | G29: +91 11 4280 7001 | H29: Not Started | I29: Neha Kulkarni | K29: 46199 | M29: 1 | P29: Contact details to be verified | Q29: =IF(OR(H29="Initial Contact",H29="In Discussion",H29="Meeting Scheduled",H29="Engaged"),1,0) -> 0 | R29: =IF(OR(K29="",K29>Analysis!$B$3),"",Analysis!$B$3-K29) -> 101 | S29: =IF(AND(Q29=1,L29<>"",L29<Analysis!$B$3),1,0) -> 0 | T29: =IF(Q29=1,IF(R29="",0,IF(R29>Analysis!$B$4,1,0)),0) -> 0 | U29: =IF(AND(Q29=1,L29=""),1,0) -> 0 | V29: =IF(TRIM(F29)="","Missing",IF(IFERROR(FIND(".",F29,FIND("@",F29)),0)>0,"Valid","Invalid")) -> Valid | W29: =IF(TRIM(G29)="","Missing",IF(OR(AND(LEFT(G29,4)="+91 ",LEN(G29)=15),AND(LEFT(G29,7)="+91 11 ",LEN(G29)=16)),"Valid","Invalid")) -> Valid | X29: =IF(AND(J29<>"",K29<>"",K29<J29),1,0) -> 0 | Y29: =IF(AND(K29<>"",K29>Analysis!$B$3),1,0) -> 0 | Z29: =IF(AND(Q29=1,ISNUMBER(SEARCH("declin",P29))),1,0) -> 0 | AA29: =IF(Q29=1,S29*2+T29*2+U29+IF(I29="",1,0)+IF(N29="High",2,IF(N29="Medium",1,0)),0) -> 0 | AB29: =IF(Q29=0,"",TRIM(IF(S29=1,"Follow-up overdue. ","")&IF(T29=1,"No contact "&Analysis!$B$4&"+ days. ","")&IF(U29=1,"No follow-up date. ","")&IF(I29="","No owner. ","")&IF(Z29=1,"Remarks conflict with status. ","")&IF(X29=1,"Date error (last < first). ","")&IF(Y29=1,"Future-dated contact. ","")))
A30: EMB-029 | B30: Philippines | C30: Asia-Pacific | D30: Elena Mensah | E30: Second Secretary | F30: elena.mensah@philippines.embassy.example | G30: +91 11 8166 3233 | H30: In Discussion | I30: Sameer Khan | J30: 46053 | K30: 46272 | L30: 46313 | M30: 6 | N30: Medium | O30: Email | P30: Draft proposal shared | Q30: =IF(OR(H30="Initial Contact",H30="In Discussion",H30="Meeting Scheduled",H30="Engaged"),1,0) -> 1 | R30: =IF(OR(K30="",K30>Analysis!$B$3),"",Analysis!$B$3-K30) -> 28 | S30: =IF(AND(Q30=1,L30<>"",L30<Analysis!$B$3),1,0) -> 0 | T30: =IF(Q30=1,IF(R30="",0,IF(R30>Analysis!$B$4,1,0)),0) -> 0 | U30: =IF(AND(Q30=1,L30=""),1,0) -> 0 | V30: =IF(TRIM(F30)="","Missing",IF(IFERROR(FIND(".",F30,FIND("@",F30)),0)>0,"Valid","Invalid")) -> Valid | W30: =IF(TRIM(G30)="","Missing",IF(OR(AND(LEFT(G30,4)="+91 ",LEN(G30)=15),AND(LEFT(G30,7)="+91 11 ",LEN(G30)=16)),"Valid","Invalid")) -> Valid | X30: =IF(AND(J30<>"",K30<>"",K30<J30),1,0) -> 0 | Y30: =IF(AND(K30<>"",K30>Analysis!$B$3),1,0) -> 0 | Z30: =IF(AND(Q30=1,ISNUMBER(SEARCH("declin",P30))),1,0) -> 0 | AA30: =IF(Q30=1,S30*2+T30*2+U30+IF(I30="",1,0)+IF(N30="High",2,IF(N30="Medium",1,0)),0) -> 1 | AB30: =IF(Q30=0,"",TRIM(IF(S30=1,"Follow-up overdue. ","")&IF(T30=1,"No contact "&Analysis!$B$4&"+ days. ","")&IF(U30=1,"No follow-up date. ","")&IF(I30="","No owner. ","")&IF(Z30=1,"Remarks conflict with status. ","")&IF(X30=1,"Date error (last < first). ","")&IF(Y30=1,"Future-dated contact. ","")))
A31: EMB-030 | B31: Australia | C31: Asia-Pacific | D31: Pavel Petrov | E31: Cultural Attache | F31: pavel.petrov@australia.embassy.example | G31: +91 11 2592 1236 | H31: On Hold | I31: Sameer Khan | J31: 46232 | K31: 46241 | L31: 46348 | M31: 6 | N31: Low | O31: Event | P31: Embassy leadership change | Q31: =IF(OR(H31="Initial Contact",H31="In Discussion",H31="Meeting Scheduled",H31="Engaged"),1,0) -> 0 | R31: =IF(OR(K31="",K31>Analysis!$B$3),"",Analysis!$B$3-K31) -> 59 | S31: =IF(AND(Q31=1,L31<>"",L31<Analysis!$B$3),1,0) -> 0 | T31: =IF(Q31=1,IF(R31="",0,IF(R31>Analysis!$B$4,1,0)),0) -> 0 | U31: =IF(AND(Q31=1,L31=""),1,0) -> 0 | V31: =IF(TRIM(F31)="","Missing",IF(IFERROR(FIND(".",F31,FIND("@",F31)),0)>0,"Valid","Invalid")) -> Valid | W31: =IF(TRIM(G31)="","Missing",IF(OR(AND(LEFT(G31,4)="+91 ",LEN(G31)=15),AND(LEFT(G31,7)="+91 11 ",LEN(G31)=16)),"Valid","Invalid")) -> Valid | X31: =IF(AND(J31<>"",K31<>"",K31<J31),1,0) -> 0 | Y31: =IF(AND(K31<>"",K31>Analysis!$B$3),1,0) -> 0 | Z31: =IF(AND(Q31=1,ISNUMBER(SEARCH("declin",P31))),1,0) -> 0 | AA31: =IF(Q31=1,S31*2+T31*2+U31+IF(I31="",1,0)+IF(N31="High",2,IF(N31="Medium",1,0)),0) -> 0 | AB31: =IF(Q31=0,"",TRIM(IF(S31=1,"Follow-up overdue. ","")&IF(T31=1,"No contact "&Analysis!$B$4&"+ days. ","")&IF(U31=1,"No follow-up date. ","")&IF(I31="","No owner. ","")&IF(Z31=1,"Remarks conflict with status. ","")&IF(X31=1,"Date error (last < first). ","")&IF(Y31=1,"Future-dated contact. ","")))
A32: EMB-031 | B32: New Zealand | C32: Asia-Pacific | D32: Kwame Yilmaz | E32: Press & Information Officer | F32: kwame.yilmaz@newzealand.embassy.example | G32: +91 11 7908 5417 | H32: Meeting Scheduled | I32: Priya Nair | J32: 46210 | K32: 46218 | L32: 46250 | M32: 8 | O32: Phone | P32: Venue finalised | Q32: =IF(OR(H32="Initial Contact",H32="In Discussion",H32="Meeting Scheduled",H32="Engaged"),1,0) -> 1 | R32: =IF(OR(K32="",K32>Analysis!$B$3),"",Analysis!$B$3-K32) -> 82 | S32: =IF(AND(Q32=1,L32<>"",L32<Analysis!$B$3),1,0) -> 1 | T32: =IF(Q32=1,IF(R32="",0,IF(R32>Analysis!$B$4,1,0)),0) -> 0 | U32: =IF(AND(Q32=1,L32=""),1,0) -> 0 | V32: =IF(TRIM(F32)="","Missing",IF(IFERROR(FIND(".",F32,FIND("@",F32)),0)>0,"Valid","Invalid")) -> Valid | W32: =IF(TRIM(G32)="","Missing",IF(OR(AND(LEFT(G32,4)="+91 ",LEN(G32)=15),AND(LEFT(G32,7)="+91 11 ",LEN(G32)=16)),"Valid","Invalid")) -> Valid | X32: =IF(AND(J32<>"",K32<>"",K32<J32),1,0) -> 0 | Y32: =IF(AND(K32<>"",K32>Analysis!$B$3),1,0) -> 0 | Z32: =IF(AND(Q32=1,ISNUMBER(SEARCH("declin",P32))),1,0) -> 0 | AA32: =IF(Q32=1,S32*2+T32*2+U32+IF(I32="",1,0)+IF(N32="High",2,IF(N32="Medium",1,0)),0) -> 2 | AB32: =IF(Q32=0,"",TRIM(IF(S32=1,"Follow-up overdue. ","")&IF(T32=1,"No contact "&Analysis!$B$4&"+ days. ","")&IF(U32=1,"No follow-up date. ","")&IF(I32="","No owner. ","")&IF(Z32=1,"Remarks conflict with status. ","")&IF(X32=1,"Date error (last < first). ","")&IF(Y32=1,"Future-dated contact. ",""))) -> Follow-up overdue.
A33: EMB-032 | B33: Mongolia | C33: Asia-Pacific | D33: Elena Larsen | E33: First Secretary (Political) | F33: elena.larsen@mongolia.embassy.example | G33: +91 92016 12840 | H33: In Discussion | I33: Arjun Mehta | J33: 46205 | L33: 46307 | M33: 5 | N33: Medium | O33: Phone | P33: Exploring joint programme | Q33: =IF(OR(H33="Initial Contact",H33="In Discussion",H33="Meeting Scheduled",H33="Engaged"),1,0) -> 1 | R33: =IF(OR(K33="",K33>Analysis!$B$3),"",Analysis!$B$3-K33) | S33: =IF(AND(Q33=1,L33<>"",L33<Analysis!$B$3),1,0) -> 0 | T33: =IF(Q33=1,IF(R33="",0,IF(R33>Analysis!$B$4,1,0)),0) -> 0 | U33: =IF(AND(Q33=1,L33=""),1,0) -> 0 | V33: =IF(TRIM(F33)="","Missing",IF(IFERROR(FIND(".",F33,FIND("@",F33)),0)>0,"Valid","Invalid")) -> Valid | W33: =IF(TRIM(G33)="","Missing",IF(OR(AND(LEFT(G33,4)="+91 ",LEN(G33)=15),AND(LEFT(G33,7)="+91 11 ",LEN(G33)=16)),"Valid","Invalid")) -> Valid | X33: =IF(AND(J33<>"",K33<>"",K33<J33),1,0) -> 0 | Y33: =IF(AND(K33<>"",K33>Analysis!$B$3),1,0) -> 0 | Z33: =IF(AND(Q33=1,ISNUMBER(SEARCH("declin",P33))),1,0) -> 0 | AA33: =IF(Q33=1,S33*2+T33*2+U33+IF(I33="",1,0)+IF(N33="High",2,IF(N33="Medium",1,0)),0) -> 1 | AB33: =IF(Q33=0,"",TRIM(IF(S33=1,"Follow-up overdue. ","")&IF(T33=1,"No contact "&Analysis!$B$4&"+ days. ","")&IF(U33=1,"No follow-up date. ","")&IF(I33="","No owner. ","")&IF(Z33=1,"Remarks conflict with status. ","")&IF(X33=1,"Date error (last < first). ","")&IF(Y33=1,"Future-dated contact. ","")))
A34: EMB-033 | B34: Myanmar | C34: Asia-Pacific | D34: Stefan Mensah | E34: First Secretary (Political) | F34: stefan.mensah@myanmar | G34: +91 11 8197 9678 | H34: In Discussion | I34: Sameer Khan | J34: 46065 | K34: 46236 | L34: 46279 | M34: 5 | N34: Medium | O34: Meeting | P34: Draft proposal shared | Q34: =IF(OR(H34="Initial Contact",H34="In Discussion",H34="Meeting Scheduled",H34="Engaged"),1,0) -> 1 | R34: =IF(OR(K34="",K34>Analysis!$B$3),"",Analysis!$B$3-K34) -> 64 | S34: =IF(AND(Q34=1,L34<>"",L34<Analysis!$B$3),1,0) -> 1 | T34: =IF(Q34=1,IF(R34="",0,IF(R34>Analysis!$B$4,1,0)),0) -> 0 | U34: =IF(AND(Q34=1,L34=""),1,0) -> 0 | V34: =IF(TRIM(F34)="","Missing",IF(IFERROR(FIND(".",F34,FIND("@",F34)),0)>0,"Valid","Invalid")) -> Invalid | W34: =IF(TRIM(G34)="","Missing",IF(OR(AND(LEFT(G34,4)="+91 ",LEN(G34)=15),AND(LEFT(G34,7)="+91 11 ",LEN(G34)=16)),"Valid","Invalid")) -> Valid | X34: =IF(AND(J34<>"",K34<>"",K34<J34),1,0) -> 0 | Y34: =IF(AND(K34<>"",K34>Analysis!$B$3),1,0) -> 0 | Z34: =IF(AND(Q34=1,ISNUMBER(SEARCH("declin",P34))),1,0) -> 0 | AA34: =IF(Q34=1,S34*2+T34*2+U34+IF(I34="",1,0)+IF(N34="High",2,IF(N34="Medium",1,0)),0) -> 3 | AB34: =IF(Q34=0,"",TRIM(IF(S34=1,"Follow-up overdue. ","")&IF(T34=1,"No contact "&Analysis!$B$4&"+ days. ","")&IF(U34=1,"No follow-up date. ","")&IF(I34="","No owner. ","")&IF(Z34=1,"Remarks conflict with status. ","")&IF(X34=1,"Date error (last < first). ","")&IF(Y34=1,"Future-dated contact. ",""))) -> Follow-up overdue.
A35: EMB-034 | B35: Cambodia | C35: Asia-Pacific | D35: Mei Silva | E35: Counsellor (Public Affairs) | F35: mei.silva@cambodia.embassy.example | G35: +91 11 8391 8276 | H35: In Discussion | J35: 46097 | K35: 46299 | L35: 46328 | M35: 3 | N35: Low | O35: Email | P35: Embassy declined further participation | Q35: =IF(OR(H35="Initial Contact",H35="In Discussion",H35="Meeting Scheduled",H35="Engaged"),1,0) -> 1 | R35: =IF(OR(K35="",K35>Analysis!$B$3),"",Analysis!$B$3-K35) -> 1 | S35: =IF(AND(Q35=1,L35<>"",L35<Analysis!$B$3),1,0) -> 0 | T35: =IF(Q35=1,IF(R35="",0,IF(R35>Analysis!$B$4,1,0)),0) -> 0 | U35: =IF(AND(Q35=1,L35=""),1,0) -> 0 | V35: =IF(TRIM(F35)="","Missing",IF(IFERROR(FIND(".",F35,FIND("@",F35)),0)>0,"Valid","Invalid")) -> Valid | W35: =IF(TRIM(G35)="","Missing",IF(OR(AND(LEFT(G35,4)="+91 ",LEN(G35)=15),AND(LEFT(G35,7)="+91 11 ",LEN(G35)=16)),"Valid","Invalid")) -> Valid | X35: =IF(AND(J35<>"",K35<>"",K35<J35),1,0) -> 0 | Y35: =IF(AND(K35<>"",K35>Analysis!$B$3),1,0) -> 0 | Z35: =IF(AND(Q35=1,ISNUMBER(SEARCH("declin",P35))),1,0) -> 1 | AA35: =IF(Q35=1,S35*2+T35*2+U35+IF(I35="",1,0)+IF(N35="High",2,IF(N35="Medium",1,0)),0) -> 1 | AB35: =IF(Q35=0,"",TRIM(IF(S35=1,"Follow-up overdue. ","")&IF(T35=1,"No contact "&Analysis!$B$4&"+ days. ","")&IF(U35=1,"No follow-up date. ","")&IF(I35="","No owner. ","")&IF(Z35=1,"Remarks conflict with status. ","")&IF(X35=1,"Date error (last < first). ","")&IF(Y35=1,"Future-dated contact. ",""))) -> No owner. Remarks conflict with status.
A36: EMB-035 | B36: United Arab Emirates | C36: Middle East & North Africa | D36: Leila Nguyen | E36: Second Secretary | F36: leila.nguyen@unitedarabem.embassy.example | G36: +91 11 5805 7803 | H36: On Hold | I36: Arjun Mehta | J36: 45720 | K36: 46294 | L36: 46395 | M36: 4 | N36: Low | O36: Email | P36: Awaiting HQ approval | Q36: =IF(OR(H36="Initial Contact",H36="In Discussion",H36="Meeting Scheduled",H36="Engaged"),1,0) -> 0 | R36: =IF(OR(K36="",K36>Analysis!$B$3),"",Analysis!$B$3-K36) -> 6 | S36: =IF(AND(Q36=1,L36<>"",L36<Analysis!$B$3),1,0) -> 0 | T36: =IF(Q36=1,IF(R36="",0,IF(R36>Analysis!$B$4,1,0)),0) -> 0 | U36: =IF(AND(Q36=1,L36=""),1,0) -> 0 | V36: =IF(TRIM(F36)="","Missing",IF(IFERROR(FIND(".",F36,FIND("@",F36)),0)>0,"Valid","Invalid")) -> Valid | W36: =IF(TRIM(G36)="","Missing",IF(OR(AND(LEFT(G36,4)="+91 ",LEN(G36)=15),AND(LEFT(G36,7)="+91 11 ",LEN(G36)=16)),"Valid","Invalid")) -> Valid | X36: =IF(AND(J36<>"",K36<>"",K36<J36),1,0) -> 0 | Y36: =IF(AND(K36<>"",K36>Analysis!$B$3),1,0) -> 0 | Z36: =IF(AND(Q36=1,ISNUMBER(SEARCH("declin",P36))),1,0) -> 0 | AA36: =IF(Q36=1,S36*2+T36*2+U36+IF(I36="",1,0)+IF(N36="High",2,IF(N36="Medium",1,0)),0) -> 0 | AB36: =IF(Q36=0,"",TRIM(IF(S36=1,"Follow-up overdue. ","")&IF(T36=1,"No contact "&Analysis!$B$4&"+ days. ","")&IF(U36=1,"No follow-up date. ","")&IF(I36="","No owner. ","")&IF(Z36=1,"Remarks conflict with status. ","")&IF(X36=1,"Date error (last < first). ","")&IF(Y36=1,"Future-dated contact. ","")))
A37: EMB-036 | B37: Saudi Arabia | C37: Middle East & North Africa | D37: Nadia Nguyen | E37: First Secretary (Political) | F37: nadia.nguyen@saudiarabia.embassy.example | G37: +91 11 8085 3867 | H37: Meeting Scheduled | I37: Rahul Verma | J37: 45687 | K37: 46282 | L37: 46301 | M37: 8 | N37: High | O37: Official Letter | P37: Meeting with Ambassador pending | Q37: =IF(OR(H37="Initial Contact",H37="In Discussion",H37="Meeting Scheduled",H37="Engaged"),1,0) -> 1 | R37: =IF(OR(K37="",K37>Analysis!$B$3),"",Analysis!$B$3-K37) -> 18 | S37: =IF(AND(Q37=1,L37<>"",L37<Analysis!$B$3),1,0) -> 0 | T37: =IF(Q37=1,IF(R37="",0,IF(R37>Analysis!$B$4,1,0)),0) -> 0 | U37: =IF(AND(Q37=1,L37=""),1,0) -> 0 | V37: =IF(TRIM(F37)="","Missing",IF(IFERROR(FIND(".",F37,FIND("@",F37)),0)>0,"Valid","Invalid")) -> Valid | W37: =IF(TRIM(G37)="","Missing",IF(OR(AND(LEFT(G37,4)="+91 ",LEN(G37)=15),AND(LEFT(G37,7)="+91 11 ",LEN(G37)=16)),"Valid","Invalid")) -> Valid | X37: =IF(AND(J37<>"",K37<>"",K37<J37),1,0) -> 0 | Y37: =IF(AND(K37<>"",K37>Analysis!$B$3),1,0) -> 0 | Z37: =IF(AND(Q37=1,ISNUMBER(SEARCH("declin",P37))),1,0) -> 0 | AA37: =IF(Q37=1,S37*2+T37*2+U37+IF(I37="",1,0)+IF(N37="High",2,IF(N37="Medium",1,0)),0) -> 2 | AB37: =IF(Q37=0,"",TRIM(IF(S37=1,"Follow-up overdue. ","")&IF(T37=1,"No contact "&Analysis!$B$4&"+ days. ","")&IF(U37=1,"No follow-up date. ","")&IF(I37="","No owner. ","")&IF(Z37=1,"Remarks conflict with status. ","")&IF(X37=1,"Date error (last < first). ","")&IF(Y37=1,"Future-dated contact. ","")))
A38: EMB-037 | B38: Qatar | C38: Middle East & North Africa | D38: Carla Haddad | E38: Cultural Attache | F38: carla.haddad@qatar.embassy.example | G38: +91 11 2298 3725 | H38: Engaged | I38: Sameer Khan | J38: 45814 | K38: 46287 | L38: 46306 | M38: 16 | N38: High | O38: Meeting | P38: Active collaboration | Q38: =IF(OR(H38="Initial Contact",H38="In Discussion",H38="Meeting Scheduled",H38="Engaged"),1,0) -> 1 | R38: =IF(OR(K38="",K38>Analysis!$B$3),"",Analysis!$B$3-K38) -> 13 | S38: =IF(AND(Q38=1,L38<>"",L38<Analysis!$B$3),1,0) -> 0 | T38: =IF(Q38=1,IF(R38="",0,IF(R38>Analysis!$B$4,1,0)),0) -> 0 | U38: =IF(AND(Q38=1,L38=""),1,0) -> 0 | V38: =IF(TRIM(F38)="","Missing",IF(IFERROR(FIND(".",F38,FIND("@",F38)),0)>0,"Valid","Invalid")) -> Valid | W38: =IF(TRIM(G38)="","Missing",IF(OR(AND(LEFT(G38,4)="+91 ",LEN(G38)=15),AND(LEFT(G38,7)="+91 11 ",LEN(G38)=16)),"Valid","Invalid")) -> Valid | X38: =IF(AND(J38<>"",K38<>"",K38<J38),1,0) -> 0 | Y38: =IF(AND(K38<>"",K38>Analysis!$B$3),1,0) -> 0 | Z38: =IF(AND(Q38=1,ISNUMBER(SEARCH("declin",P38))),1,0) -> 0 | AA38: =IF(Q38=1,S38*2+T38*2+U38+IF(I38="",1,0)+IF(N38="High",2,IF(N38="Medium",1,0)),0) -> 2 | AB38: =IF(Q38=0,"",TRIM(IF(S38=1,"Follow-up overdue. ","")&IF(T38=1,"No contact "&Analysis!$B$4&"+ days. ","")&IF(U38=1,"No follow-up date. ","")&IF(I38="","No owner. ","")&IF(Z38=1,"Remarks conflict with status. ","")&IF(X38=1,"Date error (last < first). ","")&IF(Y38=1,"Future-dated contact. ","")))
A39: EMB-038 | B39: Kuwait | C39: Middle East & North Africa | D39: Yuki Zhang | E39: Second Secretary | F39: yuki.zhang@kuwait.embassy.example | G39: +91 99992 48005 | H39: Initial Contact | I39: Rahul Verma | J39: 45771 | K39: 46332 | L39: 46308 | M39: 2 | N39: Low | O39: Official Letter | P39: Note verbale sent | Q39: =IF(OR(H39="Initial Contact",H39="In Discussion",H39="Meeting Scheduled",H39="Engaged"),1,0) -> 1 | R39: =IF(OR(K39="",K39>Analysis!$B$3),"",Analysis!$B$3-K39) | S39: =IF(AND(Q39=1,L39<>"",L39<Analysis!$B$3),1,0) -> 0 | T39: =IF(Q39=1,IF(R39="",0,IF(R39>Analysis!$B$4,1,0)),0) -> 0 | U39: =IF(AND(Q39=1,L39=""),1,0) -> 0 | V39: =IF(TRIM(F39)="","Missing",IF(IFERROR(FIND(".",F39,FIND("@",F39)),0)>0,"Valid","Invalid")) -> Valid | W39: =IF(TRIM(G39)="","Missing",IF(OR(AND(LEFT(G39,4)="+91 ",LEN(G39)=15),AND(LEFT(G39,7)="+91 11 ",LEN(G39)=16)),"Valid","Invalid")) -> Valid | X39: =IF(AND(J39<>"",K39<>"",K39<J39),1,0) -> 0 | Y39: =IF(AND(K39<>"",K39>Analysis!$B$3),1,0) -> 1 | Z39: =IF(AND(Q39=1,ISNUMBER(SEARCH("declin",P39))),1,0) -> 0 | AA39: =IF(Q39=1,S39*2+T39*2+U39+IF(I39="",1,0)+IF(N39="High",2,IF(N39="Medium",1,0)),0) -> 0 | AB39: =IF(Q39=0,"",TRIM(IF(S39=1,"Follow-up overdue. ","")&IF(T39=1,"No contact "&Analysis!$B$4&"+ days. ","")&IF(U39=1,"No follow-up date. ","")&IF(I39="","No owner. ","")&IF(Z39=1,"Remarks conflict with status. ","")&IF(X39=1,"Date error (last < first). ","")&IF(Y39=1,"Future-dated contact. ",""))) -> Future-dated contact.
A40: EMB-039 | B40: Oman | C40: Middle East & North Africa | D40: Amara Rossi | E40: Press & Information Officer | F40: amara.rossi@oman.embassy.example | G40: +91 11 2135 7164 | H40: In Discussion | J40: 45928 | K40: 46280 | L40: 46320 | M40: 5 | O40: Meeting | P40: Reviewing MoU wording | Q40: =IF(OR(H40="Initial Contact",H40="In Discussion",H40="Meeting Scheduled",H40="Engaged"),1,0) -> 1 | R40: =IF(OR(K40="",K40>Analysis!$B$3),"",Analysis!$B$3-K40) -> 20 | S40: =IF(AND(Q40=1,L40<>"",L40<Analysis!$B$3),1,0) -> 0 | T40: =IF(Q40=1,IF(R40="",0,IF(R40>Analysis!$B$4,1,0)),0) -> 0 | U40: =IF(AND(Q40=1,L40=""),1,0) -> 0 | V40: =IF(TRIM(F40)="","Missing",IF(IFERROR(FIND(".",F40,FIND("@",F40)),0)>0,"Valid","Invalid")) -> Valid | W40: =IF(TRIM(G40)="","Missing",IF(OR(AND(LEFT(G40,4)="+91 ",LEN(G40)=15),AND(LEFT(G40,7)="+91 11 ",LEN(G40)=16)),"Valid","Invalid")) -> Valid | X40: =IF(AND(J40<>"",K40<>"",K40<J40),1,0) -> 0 | Y40: =IF(AND(K40<>"",K40>Analysis!$B$3),1,0) -> 0 | Z40: =IF(AND(Q40=1,ISNUMBER(SEARCH("declin",P40))),1,0) -> 0 | AA40: =IF(Q40=1,S40*2+T40*2+U40+IF(I40="",1,0)+IF(N40="High",2,IF(N40="Medium",1,0)),0) -> 1 | AB40: =IF(Q40=0,"",TRIM(IF(S40=1,"Follow-up overdue. ","")&IF(T40=1,"No contact "&Analysis!$B$4&"+ days. ","")&IF(U40=1,"No follow-up date. ","")&IF(I40="","No owner. ","")&IF(Z40=1,"Remarks conflict with status. ","")&IF(X40=1,"Date error (last < first). ","")&IF(Y40=1,"Future-dated contact. ",""))) -> No owner.
A41: EMB-040 | B41: Bahrain | C41: Middle East & North Africa | D41: Yuki Zhang | E41: Press & Information Officer | F41: yuki.zhang@bahrain.embassy.example | G41: +91 95213 62958 | H41: Engaged | I41: Rahul Verma | J41: 46227 | K41: 46245 | M41: 20 | N41: High | O41: Email | P41: Regular quarterly touchpoints | Q41: =IF(OR(H41="Initial Contact",H41="In Discussion",H41="Meeting Scheduled",H41="Engaged"),1,0) -> 1 | R41: =IF(OR(K41="",K41>Analysis!$B$3),"",Analysis!$B$3-K41) -> 55 | S41: =IF(AND(Q41=1,L41<>"",L41<Analysis!$B$3),1,0) -> 0 | T41: =IF(Q41=1,IF(R41="",0,IF(R41>Analysis!$B$4,1,0)),0) -> 0 | U41: =IF(AND(Q41=1,L41=""),1,0) -> 1 | V41: =IF(TRIM(F41)="","Missing",IF(IFERROR(FIND(".",F41,FIND("@",F41)),0)>0,"Valid","Invalid")) -> Valid | W41: =IF(TRIM(G41)="","Missing",IF(OR(AND(LEFT(G41,4)="+91 ",LEN(G41)=15),AND(LEFT(G41,7)="+91 11 ",LEN(G41)=16)),"Valid","Invalid")) -> Valid | X41: =IF(AND(J41<>"",K41<>"",K41<J41),1,0) -> 0 | Y41: =IF(AND(K41<>"",K41>Analysis!$B$3),1,0) -> 0 | Z41: =IF(AND(Q41=1,ISNUMBER(SEARCH("declin",P41))),1,0) -> 0 | AA41: =IF(Q41=1,S41*2+T41*2+U41+IF(I41="",1,0)+IF(N41="High",2,IF(N41="Medium",1,0)),0) -> 3 | AB41: =IF(Q41=0,"",TRIM(IF(S41=1,"Follow-up overdue. ","")&IF(T41=1,"No contact "&Analysis!$B$4&"+ days. ","")&IF(U41=1,"No follow-up date. ","")&IF(I41="","No owner. ","")&IF(Z41=1,"Remarks conflict with status. ","")&IF(X41=1,"Date error (last < first). ","")&IF(Y41=1,"Future-dated contact. ",""))) -> No follow-up date.
A42: EMB-041 | B42: Iran | C42: Middle East & North Africa | D42: Diego Alvarez | E42: Commercial Counsellor | F42: diego.alvarez@iran.embassy.example | G42: +91 11 5709 4098 | H42: On Hold | I42: Neha Kulkarni | J42: 46095 | K42: 46277 | L42: 46377 | M42: 6 | O42: Phone | P42: Awaiting HQ approval | Q42: =IF(OR(H42="Initial Contact",H42="In Discussion",H42="Meeting Scheduled",H42="Engaged"),1,0) -> 0 | R42: =IF(OR(K42="",K42>Analysis!$B$3),"",Analysis!$B$3-K42) -> 23 | S42: =IF(AND(Q42=1,L42<>"",L42<Analysis!$B$3),1,0) -> 0 | T42: =IF(Q42=1,IF(R42="",0,IF(R42>Analysis!$B$4,1,0)),0) -> 0 | U42: =IF(AND(Q42=1,L42=""),1,0) -> 0 | V42: =IF(TRIM(F42)="","Missing",IF(IFERROR(FIND(".",F42,FIND("@",F42)),0)>0,"Valid","Invalid")) -> Valid | W42: =IF(TRIM(G42)="","Missing",IF(OR(AND(LEFT(G42,4)="+91 ",LEN(G42)=15),AND(LEFT(G42,7)="+91 11 ",LEN(G42)=16)),"Valid","Invalid")) -> Valid | X42: =IF(AND(J42<>"",K42<>"",K42<J42),1,0) -> 0 | Y42: =IF(AND(K42<>"",K42>Analysis!$B$3),1,0) -> 0 | Z42: =IF(AND(Q42=1,ISNUMBER(SEARCH("declin",P42))),1,0) -> 0 | AA42: =IF(Q42=1,S42*2+T42*2+U42+IF(I42="",1,0)+IF(N42="High",2,IF(N42="Medium",1,0)),0) -> 0 | AB42: =IF(Q42=0,"",TRIM(IF(S42=1,"Follow-up overdue. ","")&IF(T42=1,"No contact "&Analysis!$B$4&"+ days. ","")&IF(U42=1,"No follow-up date. ","")&IF(I42="","No owner. ","")&IF(Z42=1,"Remarks conflict with status. ","")&IF(X42=1,"Date error (last < first). ","")&IF(Y42=1,"Future-dated contact. ","")))
A43: EMB-042 | B43: Iraq | C43: Middle East & North Africa | D43: Stefan Okafor | E43: Cultural Attache | F43: stefan.okafor@iraq.embassy.example | G43: +91 93896 50133 | H43: In Discussion | I43: Sameer Khan | J43: 46156 | K43: 46169 | L43: 46210 | M43: 5 | N43: Medium | O43: Phone | P43: Positive response | Q43: =IF(OR(H43="Initial Contact",H43="In Discussion",H43="Meeting Scheduled",H43="Engaged"),1,0) -> 1 | R43: =IF(OR(K43="",K43>Analysis!$B$3),"",Analysis!$B$3-K43) -> 131 | S43: =IF(AND(Q43=1,L43<>"",L43<Analysis!$B$3),1,0) -> 1 | T43: =IF(Q43=1,IF(R43="",0,IF(R43>Analysis!$B$4,1,0)),0) -> 1 | U43: =IF(AND(Q43=1,L43=""),1,0) -> 0 | V43: =IF(TRIM(F43)="","Missing",IF(IFERROR(FIND(".",F43,FIND("@",F43)),0)>0,"Valid","Invalid")) -> Valid | W43: =IF(TRIM(G43)="","Missing",IF(OR(AND(LEFT(G43,4)="+91 ",LEN(G43)=15),AND(LEFT(G43,7)="+91 11 ",LEN(G43)=16)),"Valid","Invalid")) -> Valid | X43: =IF(AND(J43<>"",K43<>"",K43<J43),1,0) -> 0 | Y43: =IF(AND(K43<>"",K43>Analysis!$B$3),1,0) -> 0 | Z43: =IF(AND(Q43=1,ISNUMBER(SEARCH("declin",P43))),1,0) -> 0 | AA43: =IF(Q43=1,S43*2+T43*2+U43+IF(I43="",1,0)+IF(N43="High",2,IF(N43="Medium",1,0)),0) -> 5 | AB43: =IF(Q43=0,"",TRIM(IF(S43=1,"Follow-up overdue. ","")&IF(T43=1,"No contact "&Analysis!$B$4&"+ days. ","")&IF(U43=1,"No follow-up date. ","")&IF(I43="","No owner. ","")&IF(Z43=1,"Remarks conflict with status. ","")&IF(X43=1,"Date error (last < first). ","")&IF(Y43=1,"Future-dated contact. ",""))) -> Follow-up overdue. No contact 90+ days.
A44: EMB-043 | B44: Israel | C44: Middle East & North Africa | D44: Aisha Garcia | E44: First Secretary (Political) | F44: aisha.garcia@israel.embassy.example | G44: +91 11 4011 5276 | H44: On Hold | I44: Arjun Mehta | J44: 45867 | K44: 46068 | L44: 46183 | M44: 2 | N44: Low | O44: Email | P44: Embassy leadership change | Q44: =IF(OR(H44="Initial Contact",H44="In Discussion",H44="Meeting Scheduled",H44="Engaged"),1,0) -> 0 | R44: =IF(OR(K44="",K44>Analysis!$B$3),"",Analysis!$B$3-K44) -> 232 | S44: =IF(AND(Q44=1,L44<>"",L44<Analysis!$B$3),1,0) -> 0 | T44: =IF(Q44=1,IF(R44="",0,IF(R44>Analysis!$B$4,1,0)),0) -> 0 | U44: =IF(AND(Q44=1,L44=""),1,0) -> 0 | V44: =IF(TRIM(F44)="","Missing",IF(IFERROR(FIND(".",F44,FIND("@",F44)),0)>0,"Valid","Invalid")) -> Valid | W44: =IF(TRIM(G44)="","Missing",IF(OR(AND(LEFT(G44,4)="+91 ",LEN(G44)=15),AND(LEFT(G44,7)="+91 11 ",LEN(G44)=16)),"Valid","Invalid")) -> Valid | X44: =IF(AND(J44<>"",K44<>"",K44<J44),1,0) -> 0 | Y44: =IF(AND(K44<>"",K44>Analysis!$B$3),1,0) -> 0 | Z44: =IF(AND(Q44=1,ISNUMBER(SEARCH("declin",P44))),1,0) -> 0 | AA44: =IF(Q44=1,S44*2+T44*2+U44+IF(I44="",1,0)+IF(N44="High",2,IF(N44="Medium",1,0)),0) -> 0 | AB44: =IF(Q44=0,"",TRIM(IF(S44=1,"Follow-up overdue. ","")&IF(T44=1,"No contact "&Analysis!$B$4&"+ days. ","")&IF(U44=1,"No follow-up date. ","")&IF(I44="","No owner. ","")&IF(Z44=1,"Remarks conflict with status. ","")&IF(X44=1,"Date error (last < first). ","")&IF(Y44=1,"Future-dated contact. ","")))
A45: EMB-044 | B45: Jordan | C45: Middle East & North Africa | D45: Andrei Larsen | E45: Press & Information Officer | F45: andrei.larsen@jordan.embassy.example | G45: +911177617 | H45: Closed | I45: Priya Nair | J45: 45772 | K45: 46105 | M45: 2 | N45: Low | O45: Meeting | P45: Not a fit at this time | Q45: =IF(OR(H45="Initial Contact",H45="In Discussion",H45="Meeting Scheduled",H45="Engaged"),1,0) -> 0 | R45: =IF(OR(K45="",K45>Analysis!$B$3),"",Analysis!$B$3-K45) -> 195 | S45: =IF(AND(Q45=1,L45<>"",L45<Analysis!$B$3),1,0) -> 0 | T45: =IF(Q45=1,IF(R45="",0,IF(R45>Analysis!$B$4,1,0)),0) -> 0 | U45: =IF(AND(Q45=1,L45=""),1,0) -> 0 | V45: =IF(TRIM(F45)="","Missing",IF(IFERROR(FIND(".",F45,FIND("@",F45)),0)>0,"Valid","Invalid")) -> Valid | W45: =IF(TRIM(G45)="","Missing",IF(OR(AND(LEFT(G45,4)="+91 ",LEN(G45)=15),AND(LEFT(G45,7)="+91 11 ",LEN(G45)=16)),"Valid","Invalid")) -> Invalid | X45: =IF(AND(J45<>"",K45<>"",K45<J45),1,0) -> 0 | Y45: =IF(AND(K45<>"",K45>Analysis!$B$3),1,0) -> 0 | Z45: =IF(AND(Q45=1,ISNUMBER(SEARCH("declin",P45))),1,0) -> 0 | AA45: =IF(Q45=1,S45*2+T45*2+U45+IF(I45="",1,0)+IF(N45="High",2,IF(N45="Medium",1,0)),0) -> 0 | AB45: =IF(Q45=0,"",TRIM(IF(S45=1,"Follow-up overdue. ","")&IF(T45=1,"No contact "&Analysis!$B$4&"+ days. ","")&IF(U45=1,"No follow-up date. ","")&IF(I45="","No owner. ","")&IF(Z45=1,"Remarks conflict with status. ","")&IF(X45=1,"Date error (last < first). ","")&IF(Y45=1,"Future-dated contact. ","")))
A46: EMB-045 | B46: Egypt | C46: Middle East & North Africa | D46: Fatima Garcia | E46: Press & Information Officer | F46: fatima.garcia@egypt.embassy.example | G46: +91 93516 19945 | H46: Engaged | I46: Neha Kulkarni | J46: 45911 | K46: 46231 | L46: 46278 | M46: 10 | N46: High | O46: Email | P46: Regular quarterly touchpoints | Q46: =IF(OR(H46="Initial Contact",H46="In Discussion",H46="Meeting Scheduled",H46="Engaged"),1,0) -> 1 | R46: =IF(OR(K46="",K46>Analysis!$B$3),"",Analysis!$B$3-K46) -> 69 | S46: =IF(AND(Q46=1,L46<>"",L46<Analysis!$B$3),1,0) -> 1 | T46: =IF(Q46=1,IF(R46="",0,IF(R46>Analysis!$B$4,1,0)),0) -> 0 | U46: =IF(AND(Q46=1,L46=""),1,0) -> 0 | V46: =IF(TRIM(F46)="","Missing",IF(IFERROR(FIND(".",F46,FIND("@",F46)),0)>0,"Valid","Invalid")) -> Valid | W46: =IF(TRIM(G46)="","Missing",IF(OR(AND(LEFT(G46,4)="+91 ",LEN(G46)=15),AND(LEFT(G46,7)="+91 11 ",LEN(G46)=16)),"Valid","Invalid")) -> Valid | X46: =IF(AND(J46<>"",K46<>"",K46<J46),1,0) -> 0 | Y46: =IF(AND(K46<>"",K46>Analysis!$B$3),1,0) -> 0 | Z46: =IF(AND(Q46=1,ISNUMBER(SEARCH("declin",P46))),1,0) -> 0 | AA46: =IF(Q46=1,S46*2+T46*2+U46+IF(I46="",1,0)+IF(N46="High",2,IF(N46="Medium",1,0)),0) -> 4 | AB46: =IF(Q46=0,"",TRIM(IF(S46=1,"Follow-up overdue. ","")&IF(T46=1,"No contact "&Analysis!$B$4&"+ days. ","")&IF(U46=1,"No follow-up date. ","")&IF(I46="","No owner. ","")&IF(Z46=1,"Remarks conflict with status. ","")&IF(X46=1,"Date error (last < first). ","")&IF(Y46=1,"Future-dated contact. ",""))) -> Follow-up overdue.
A47: EMB-046 | B47: Morocco | C47: Middle East & North Africa | D47: Pavel Alvarez | E47: First Secretary (Political) | F47: pavel.alvarez@morocco.embassy.example | G47: +91 11 4844 4193 | H47: Closed | I47: Rahul Verma | J47: 46235 | K47: 46017 | N47: Low | O47: Official Letter | P47: Not a fit at this time | Q47: =IF(OR(H47="Initial Contact",H47="In Discussion",H47="Meeting Scheduled",H47="Engaged"),1,0) -> 0 | R47: =IF(OR(K47="",K47>Analysis!$B$3),"",Analysis!$B$3-K47) -> 283 | S47: =IF(AND(Q47=1,L47<>"",L47<Analysis!$B$3),1,0) -> 0 | T47: =IF(Q47=1,IF(R47="",0,IF(R47>Analysis!$B$4,1,0)),0) -> 0 | U47: =IF(AND(Q47=1,L47=""),1,0) -> 0 | V47: =IF(TRIM(F47)="","Missing",IF(IFERROR(FIND(".",F47,FIND("@",F47)),0)>0,"Valid","Invalid")) -> Valid | W47: =IF(TRIM(G47)="","Missing",IF(OR(AND(LEFT(G47,4)="+91 ",LEN(G47)=15),AND(LEFT(G47,7)="+91 11 ",LEN(G47)=16)),"Valid","Invalid")) -> Valid | X47: =IF(AND(J47<>"",K47<>"",K47<J47),1,0) -> 1 | Y47: =IF(AND(K47<>"",K47>Analysis!$B$3),1,0) -> 0 | Z47: =IF(AND(Q47=1,ISNUMBER(SEARCH("declin",P47))),1,0) -> 0 | AA47: =IF(Q47=1,S47*2+T47*2+U47+IF(I47="",1,0)+IF(N47="High",2,IF(N47="Medium",1,0)),0) -> 0 | AB47: =IF(Q47=0,"",TRIM(IF(S47=1,"Follow-up overdue. ","")&IF(T47=1,"No contact "&Analysis!$B$4&"+ days. ","")&IF(U47=1,"No follow-up date. ","")&IF(I47="","No owner. ","")&IF(Z47=1,"Remarks conflict with status. ","")&IF(X47=1,"Date error (last < first). ","")&IF(Y47=1,"Future-dated contact. ","")))
A48: EMB-047 | B48: Algeria | C48: Middle East & North Africa | D48: Carla Alvarez | E48: First Secretary (Political) | F48: carla.alvarez@algeria.embassy.example | G48: +91 11 5505 6547 | H48: Engaged | I48: Priya Nair | J48: 46149 | L48: 46358 | M48: 0 | N48: High | O48: Official Letter | P48: Joint working group formed | Q48: =IF(OR(H48="Initial Contact",H48="In Discussion",H48="Meeting Scheduled",H48="Engaged"),1,0) -> 1 | R48: =IF(OR(K48="",K48>Analysis!$B$3),"",Analysis!$B$3-K48) | S48: =IF(AND(Q48=1,L48<>"",L48<Analysis!$B$3),1,0) -> 0 | T48: =IF(Q48=1,IF(R48="",0,IF(R48>Analysis!$B$4,1,0)),0) -> 0 | U48: =IF(AND(Q48=1,L48=""),1,0) -> 0 | V48: =IF(TRIM(F48)="","Missing",IF(IFERROR(FIND(".",F48,FIND("@",F48)),0)>0,"Valid","Invalid")) -> Valid | W48: =IF(TRIM(G48)="","Missing",IF(OR(AND(LEFT(G48,4)="+91 ",LEN(G48)=15),AND(LEFT(G48,7)="+91 11 ",LEN(G48)=16)),"Valid","Invalid")) -> Valid | X48: =IF(AND(J48<>"",K48<>"",K48<J48),1,0) -> 0 | Y48: =IF(AND(K48<>"",K48>Analysis!$B$3),1,0) -> 0 | Z48: =IF(AND(Q48=1,ISNUMBER(SEARCH("declin",P48))),1,0) -> 0 | AA48: =IF(Q48=1,S48*2+T48*2+U48+IF(I48="",1,0)+IF(N48="High",2,IF(N48="Medium",1,0)),0) -> 2 | AB48: =IF(Q48=0,"",TRIM(IF(S48=1,"Follow-up overdue. ","")&IF(T48=1,"No contact "&Analysis!$B$4&"+ days. ","")&IF(U48=1,"No follow-up date. ","")&IF(I48="","No owner. ","")&IF(Z48=1,"Remarks conflict with status. ","")&IF(X48=1,"Date error (last < first). ","")&IF(Y48=1,"Future-dated contact. ","")))
A49: EMB-048 | B49: Turkey | C49: Middle East & North Africa | D49: Omar Petrov | E49: Second Secretary | G49: +91 11 3205 9871 | H49: Initial Contact | I49: Neha Kulkarni | J49: 45968 | K49: 46272 | L49: 46312 | M49: 1 | N49: Medium | O49: Phone | P49: Introductory email sent | Q49: =IF(OR(H49="Initial Contact",H49="In Discussion",H49="Meeting Scheduled",H49="Engaged"),1,0) -> 1 | R49: =IF(OR(K49="",K49>Analysis!$B$3),"",Analysis!$B$3-K49) -> 28 | S49: =IF(AND(Q49=1,L49<>"",L49<Analysis!$B$3),1,0) -> 0 | T49: =IF(Q49=1,IF(R49="",0,IF(R49>Analysis!$B$4,1,0)),0) -> 0 | U49: =IF(AND(Q49=1,L49=""),1,0) -> 0 | V49: =IF(TRIM(F49)="","Missing",IF(IFERROR(FIND(".",F49,FIND("@",F49)),0)>0,"Valid","Invalid")) -> Missing | W49: =IF(TRIM(G49)="","Missing",IF(OR(AND(LEFT(G49,4)="+91 ",LEN(G49)=15),AND(LEFT(G49,7)="+91 11 ",LEN(G49)=16)),"Valid","Invalid")) -> Valid | X49: =IF(AND(J49<>"",K49<>"",K49<J49),1,0) -> 0 | Y49: =IF(AND(K49<>"",K49>Analysis!$B$3),1,0) -> 0 | Z49: =IF(AND(Q49=1,ISNUMBER(SEARCH("declin",P49))),1,0) -> 0 | AA49: =IF(Q49=1,S49*2+T49*2+U49+IF(I49="",1,0)+IF(N49="High",2,IF(N49="Medium",1,0)),0) -> 1 | AB49: =IF(Q49=0,"",TRIM(IF(S49=1,"Follow-up overdue. ","")&IF(T49=1,"No contact "&Analysis!$B$4&"+ days. ","")&IF(U49=1,"No follow-up date. ","")&IF(I49="","No owner. ","")&IF(Z49=1,"Remarks conflict with status. ","")&IF(X49=1,"Date error (last < first). ","")&IF(Y49=1,"Future-dated contact. ","")))
A50: EMB-049 | B50: South Africa | C50: Sub-Saharan Africa | D50: Pavel Rossi | E50: Cultural Attache | F50: pavel.rossi.southafrica.embassy.example | G50: +91 94658 73064 | H50: On Hold | I50: Priya Nair | J50: 46221 | K50: 46287 | L50: 46392 | N50: Low | O50: Event | P50: Paused - elections | Q50: =IF(OR(H50="Initial Contact",H50="In Discussion",H50="Meeting Scheduled",H50="Engaged"),1,0) -> 0 | R50: =IF(OR(K50="",K50>Analysis!$B$3),"",Analysis!$B$3-K50) -> 13 | S50: =IF(AND(Q50=1,L50<>"",L50<Analysis!$B$3),1,0) -> 0 | T50: =IF(Q50=1,IF(R50="",0,IF(R50>Analysis!$B$4,1,0)),0) -> 0 | U50: =IF(AND(Q50=1,L50=""),1,0) -> 0 | V50: =IF(TRIM(F50)="","Missing",IF(IFERROR(FIND(".",F50,FIND("@",F50)),0)>0,"Valid","Invalid")) -> Invalid | W50: =IF(TRIM(G50)="","Missing",IF(OR(AND(LEFT(G50,4)="+91 ",LEN(G50)=15),AND(LEFT(G50,7)="+91 11 ",LEN(G50)=16)),"Valid","Invalid")) -> Valid | X50: =IF(AND(J50<>"",K50<>"",K50<J50),1,0) -> 0 | Y50: =IF(AND(K50<>"",K50>Analysis!$B$3),1,0) -> 0 | Z50: =IF(AND(Q50=1,ISNUMBER(SEARCH("declin",P50))),1,0) -> 0 | AA50: =IF(Q50=1,S50*2+T50*2+U50+IF(I50="",1,0)+IF(N50="High",2,IF(N50="Medium",1,0)),0) -> 0 | AB50: =IF(Q50=0,"",TRIM(IF(S50=1,"Follow-up overdue. ","")&IF(T50=1,"No contact "&Analysis!$B$4&"+ days. ","")&IF(U50=1,"No follow-up date. ","")&IF(I50="","No owner. ","")&IF(Z50=1,"Remarks conflict with status. ","")&IF(X50=1,"Date error (last < first). ","")&IF(Y50=1,"Future-dated contact. ","")))
A51: EMB-050 | B51: Nigeria | C51: Sub-Saharan Africa | D51: Andrei Petrov | E51: Counsellor (Public Affairs) | F51: andrei.petrov@nigeria.embassy.example | G51: +91 11 7789 2352 | H51: Engaged | I51: Arjun Mehta | J51: 45703 | K51: 46160 | L51: 46203 | M51: 12 | N51: Medium | O51: Email | P51: Embassy declined further participation | Q51: =IF(OR(H51="Initial Contact",H51="In Discussion",H51="Meeting Scheduled",H51="Engaged"),1,0) -> 1 | R51: =IF(OR(K51="",K51>Analysis!$B$3),"",Analysis!$B$3-K51) -> 140 | S51: =IF(AND(Q51=1,L51<>"",L51<Analysis!$B$3),1,0) -> 1 | T51: =IF(Q51=1,IF(R51="",0,IF(R51>Analysis!$B$4,1,0)),0) -> 1 | U51: =IF(AND(Q51=1,L51=""),1,0) -> 0 | V51: =IF(TRIM(F51)="","Missing",IF(IFERROR(FIND(".",F51,FIND("@",F51)),0)>0,"Valid","Invalid")) -> Valid | W51: =IF(TRIM(G51)="","Missing",IF(OR(AND(LEFT(G51,4)="+91 ",LEN(G51)=15),AND(LEFT(G51,7)="+91 11 ",LEN(G51)=16)),"Valid","Invalid")) -> Valid | X51: =IF(AND(J51<>"",K51<>"",K51<J51),1,0) -> 0 | Y51: =IF(AND(K51<>"",K51>Analysis!$B$3),1,0) -> 0 | Z51: =IF(AND(Q51=1,ISNUMBER(SEARCH("declin",P51))),1,0) -> 1 | AA51: =IF(Q51=1,S51*2+T51*2+U51+IF(I51="",1,0)+IF(N51="High",2,IF(N51="Medium",1,0)),0) -> 5 | AB51: =IF(Q51=0,"",TRIM(IF(S51=1,"Follow-up overdue. ","")&IF(T51=1,"No contact "&Analysis!$B$4&"+ days. ","")&IF(U51=1,"No follow-up date. ","")&IF(I51="","No owner. ","")&IF(Z51=1,"Remarks conflict with status. ","")&IF(X51=1,"Date error (last < first). ","")&IF(Y51=1,"Future-dated contact. ",""))) -> Follow-up overdue. No contact 90+ days. Remarks conflict with status.
A52: EMB-051 | B52: Kenya | C52: Sub-Saharan Africa | D52: Joao Nguyen | E52: Cultural Attache | F52: joao.nguyen@kenya.embassy.example | G52: +91 11 6137 8522 | H52: Not Started | M52: 0 | P52: Contact details to be verified | Q52: =IF(OR(H52="Initial Contact",H52="In Discussion",H52="Meeting Scheduled",H52="Engaged"),1,0) -> 0 | R52: =IF(OR(K52="",K52>Analysis!$B$3),"",Analysis!$B$3-K52) | S52: =IF(AND(Q52=1,L52<>"",L52<Analysis!$B$3),1,0) -> 0 | T52: =IF(Q52=1,IF(R52="",0,IF(R52>Analysis!$B$4,1,0)),0) -> 0 | U52: =IF(AND(Q52=1,L52=""),1,0) -> 0 | V52: =IF(TRIM(F52)="","Missing",IF(IFERROR(FIND(".",F52,FIND("@",F52)),0)>0,"Valid","Invalid")) -> Valid | W52: =IF(TRIM(G52)="","Missing",IF(OR(AND(LEFT(G52,4)="+91 ",LEN(G52)=15),AND(LEFT(G52,7)="+91 11 ",LEN(G52)=16)),"Valid","Invalid")) -> Valid | X52: =IF(AND(J52<>"",K52<>"",K52<J52),1,0) -> 0 | Y52: =IF(AND(K52<>"",K52>Analysis!$B$3),1,0) -> 0 | Z52: =IF(AND(Q52=1,ISNUMBER(SEARCH("declin",P52))),1,0) -> 0 | AA52: =IF(Q52=1,S52*2+T52*2+U52+IF(I52="",1,0)+IF(N52="High",2,IF(N52="Medium",1,0)),0) -> 0 | AB52: =IF(Q52=0,"",TRIM(IF(S52=1,"Follow-up overdue. ","")&IF(T52=1,"No contact "&Analysis!$B$4&"+ days. ","")&IF(U52=1,"No follow-up date. ","")&IF(I52="","No owner. ","")&IF(Z52=1,"Remarks conflict with status. ","")&IF(X52=1,"Date error (last < first). ","")&IF(Y52=1,"Future-dated contact. ","")))
A53: EMB-052 | B53: Ethiopia | C53: Sub-Saharan Africa | D53: Yuki Khalil | E53: Second Secretary | F53: yuki.khalil@ethiopia.embassy.example | H53: Engaged | I53: Neha Kulkarni | J53: 45965 | K53: 46073 | L53: 46090 | M53: 10 | N53: High | O53: Official Letter | P53: Co-hosted event in Q2 | Q53: =IF(OR(H53="Initial Contact",H53="In Discussion",H53="Meeting Scheduled",H53="Engaged"),1,0) -> 1 | R53: =IF(OR(K53="",K53>Analysis!$B$3),"",Analysis!$B$3-K53) -> 227 | S53: =IF(AND(Q53=1,L53<>"",L53<Analysis!$B$3),1,0) -> 1 | T53: =IF(Q53=1,IF(R53="",0,IF(R53>Analysis!$B$4,1,0)),0) -> 1 | U53: =IF(AND(Q53=1,L53=""),1,0) -> 0 | V53: =IF(TRIM(F53)="","Missing",IF(IFERROR(FIND(".",F53,FIND("@",F53)),0)>0,"Valid","Invalid")) -> Valid | W53: =IF(TRIM(G53)="","Missing",IF(OR(AND(LEFT(G53,4)="+91 ",LEN(G53)=15),AND(LEFT(G53,7)="+91 11 ",LEN(G53)=16)),"Valid","Invalid")) -> Missing | X53: =IF(AND(J53<>"",K53<>"",K53<J53),1,0) -> 0 | Y53: =IF(AND(K53<>"",K53>Analysis!$B$3),1,0) -> 0 | Z53: =IF(AND(Q53=1,ISNUMBER(SEARCH("declin",P53))),1,0) -> 0 | AA53: =IF(Q53=1,S53*2+T53*2+U53+IF(I53="",1,0)+IF(N53="High",2,IF(N53="Medium",1,0)),0) -> 6 | AB53: =IF(Q53=0,"",TRIM(IF(S53=1,"Follow-up overdue. ","")&IF(T53=1,"No contact "&Analysis!$B$4&"+ days. ","")&IF(U53=1,"No follow-up date. ","")&IF(I53="","No owner. ","")&IF(Z53=1,"Remarks conflict with status. ","")&IF(X53=1,"Date error (last < first). ","")&IF(Y53=1,"Future-dated contact. ",""))) -> Follow-up overdue. No contact 90+ days.
A54: EMB-053 | B54: Ghana | C54: Sub-Saharan Africa | D54: Omar Novak | E54: Second Secretary | F54: omar.novak@ghana.embassy.example | G54: +91 11 7617 5442 | H54: Engaged | I54: Anita Deshmukh | J54: 46292 | K54: 45970 | L54: 46290 | M54: 6 | N54: High | O54: Phone | P54: Active collaboration | Q54: =IF(OR(H54="Initial Contact",H54="In Discussion",H54="Meeting Scheduled",H54="Engaged"),1,0) -> 1 | R54: =IF(OR(K54="",K54>Analysis!$B$3),"",Analysis!$B$3-K54) -> 330 | S54: =IF(AND(Q54=1,L54<>"",L54<Analysis!$B$3),1,0) -> 1 | T54: =IF(Q54=1,IF(R54="",0,IF(R54>Analysis!$B$4,1,0)),0) -> 1 | U54: =IF(AND(Q54=1,L54=""),1,0) -> 0 | V54: =IF(TRIM(F54)="","Missing",IF(IFERROR(FIND(".",F54,FIND("@",F54)),0)>0,"Valid","Invalid")) -> Valid | W54: =IF(TRIM(G54)="","Missing",IF(OR(AND(LEFT(G54,4)="+91 ",LEN(G54)=15),AND(LEFT(G54,7)="+91 11 ",LEN(G54)=16)),"Valid","Invalid")) -> Valid | X54: =IF(AND(J54<>"",K54<>"",K54<J54),1,0) -> 1 | Y54: =IF(AND(K54<>"",K54>Analysis!$B$3),1,0) -> 0 | Z54: =IF(AND(Q54=1,ISNUMBER(SEARCH("declin",P54))),1,0) -> 0 | AA54: =IF(Q54=1,S54*2+T54*2+U54+IF(I54="",1,0)+IF(N54="High",2,IF(N54="Medium",1,0)),0) -> 6 | AB54: =IF(Q54=0,"",TRIM(IF(S54=1,"Follow-up overdue. ","")&IF(T54=1,"No contact "&Analysis!$B$4&"+ days. ","")&IF(U54=1,"No follow-up date. ","")&IF(I54="","No owner. ","")&IF(Z54=1,"Remarks conflict with status. ","")&IF(X54=1,"Date error (last < first). ","")&IF(Y54=1,"Future-dated contact. ",""))) -> Follow-up overdue. No contact 90+ days. Date error (last < first).
A55: EMB-054 | B55: Tanzania | C55: Sub-Saharan Africa | D55: Sofia Nguyen | E55: Counsellor (Public Affairs) | F55: sofia.nguyen@tanzania.embassy.example | G55: +91 93059 77605 | H55: In Discussion | I55: Priya Nair | J55: 46226 | K55: 46246 | M55: 6 | N55: High | O55: Phone | P55: Draft proposal shared | Q55: =IF(OR(H55="Initial Contact",H55="In Discussion",H55="Meeting Scheduled",H55="Engaged"),1,0) -> 1 | R55: =IF(OR(K55="",K55>Analysis!$B$3),"",Analysis!$B$3-K55) -> 54 | S55: =IF(AND(Q55=1,L55<>"",L55<Analysis!$B$3),1,0) -> 0 | T55: =IF(Q55=1,IF(R55="",0,IF(R55>Analysis!$B$4,1,0)),0) -> 0 | U55: =IF(AND(Q55=1,L55=""),1,0) -> 1 | V55: =IF(TRIM(F55)="","Missing",IF(IFERROR(FIND(".",F55,FIND("@",F55)),0)>0,"Valid","Invalid")) -> Valid | W55: =IF(TRIM(G55)="","Missing",IF(OR(AND(LEFT(G55,4)="+91 ",LEN(G55)=15),AND(LEFT(G55,7)="+91 11 ",LEN(G55)=16)),"Valid","Invalid")) -> Valid | X55: =IF(AND(J55<>"",K55<>"",K55<J55),1,0) -> 0 | Y55: =IF(AND(K55<>"",K55>Analysis!$B$3),1,0) -> 0 | Z55: =IF(AND(Q55=1,ISNUMBER(SEARCH("declin",P55))),1,0) -> 0 | AA55: =IF(Q55=1,S55*2+T55*2+U55+IF(I55="",1,0)+IF(N55="High",2,IF(N55="Medium",1,0)),0) -> 3 | AB55: =IF(Q55=0,"",TRIM(IF(S55=1,"Follow-up overdue. ","")&IF(T55=1,"No contact "&Analysis!$B$4&"+ days. ","")&IF(U55=1,"No follow-up date. ","")&IF(I55="","No owner. ","")&IF(Z55=1,"Remarks conflict with status. ","")&IF(X55=1,"Date error (last < first). ","")&IF(Y55=1,"Future-dated contact. ",""))) -> No follow-up date.
A56: EMB-055 | B56: Uganda | C56: Sub-Saharan Africa | D56: Tariq Sato | E56: Second Secretary | F56: tariq.sato@uganda.embassy.example | G56: +91 11 7514 1363 | H56: On Hold | I56: Rahul Verma | J56: 46288 | K56: 45890 | L56: 46338 | M56: 5 | N56: Low | O56: Email | P56: Awaiting HQ approval | Q56: =IF(OR(H56="Initial Contact",H56="In Discussion",H56="Meeting Scheduled",H56="Engaged"),1,0) -> 0 | R56: =IF(OR(K56="",K56>Analysis!$B$3),"",Analysis!$B$3-K56) -> 410 | S56: =IF(AND(Q56=1,L56<>"",L56<Analysis!$B$3),1,0) -> 0 | T56: =IF(Q56=1,IF(R56="",0,IF(R56>Analysis!$B$4,1,0)),0) -> 0 | U56: =IF(AND(Q56=1,L56=""),1,0) -> 0 | V56: =IF(TRIM(F56)="","Missing",IF(IFERROR(FIND(".",F56,FIND("@",F56)),0)>0,"Valid","Invalid")) -> Valid | W56: =IF(TRIM(G56)="","Missing",IF(OR(AND(LEFT(G56,4)="+91 ",LEN(G56)=15),AND(LEFT(G56,7)="+91 11 ",LEN(G56)=16)),"Valid","Invalid")) -> Valid | X56: =IF(AND(J56<>"",K56<>"",K56<J56),1,0) -> 1 | Y56: =IF(AND(K56<>"",K56>Analysis!$B$3),1,0) -> 0 | Z56: =IF(AND(Q56=1,ISNUMBER(SEARCH("declin",P56))),1,0) -> 0 | AA56: =IF(Q56=1,S56*2+T56*2+U56+IF(I56="",1,0)+IF(N56="High",2,IF(N56="Medium",1,0)),0) -> 0 | AB56: =IF(Q56=0,"",TRIM(IF(S56=1,"Follow-up overdue. ","")&IF(T56=1,"No contact "&Analysis!$B$4&"+ days. ","")&IF(U56=1,"No follow-up date. ","")&IF(I56="","No owner. ","")&IF(Z56=1,"Remarks conflict with status. ","")&IF(X56=1,"Date error (last < first). ","")&IF(Y56=1,"Future-dated contact. ","")))
A57: EMB-056 | B57: Zambia | C57: Sub-Saharan Africa | D57: Ingrid Novak | E57: Counsellor (Public Affairs) | F57: ingrid.novak@zambia.embassy.example | G57: +91 94668 63166 | H57: Meeting Scheduled | I57: Priya Nair | J57: 46228 | K57: 46233 | L57: 46292 | M57: 10 | N57: High | O57: Phone | P57: Meeting with Ambassador pending | Q57: =IF(OR(H57="Initial Contact",H57="In Discussion",H57="Meeting Scheduled",H57="Engaged"),1,0) -> 1 | R57: =IF(OR(K57="",K57>Analysis!$B$3),"",Analysis!$B$3-K57) -> 67 | S57: =IF(AND(Q57=1,L57<>"",L57<Analysis!$B$3),1,0) -> 1 | T57: =IF(Q57=1,IF(R57="",0,IF(R57>Analysis!$B$4,1,0)),0) -> 0 | U57: =IF(AND(Q57=1,L57=""),1,0) -> 0 | V57: =IF(TRIM(F57)="","Missing",IF(IFERROR(FIND(".",F57,FIND("@",F57)),0)>0,"Valid","Invalid")) -> Valid | W57: =IF(TRIM(G57)="","Missing",IF(OR(AND(LEFT(G57,4)="+91 ",LEN(G57)=15),AND(LEFT(G57,7)="+91 11 ",LEN(G57)=16)),"Valid","Invalid")) -> Valid | X57: =IF(AND(J57<>"",K57<>"",K57<J57),1,0) -> 0 | Y57: =IF(AND(K57<>"",K57>Analysis!$B$3),1,0) -> 0 | Z57: =IF(AND(Q57=1,ISNUMBER(SEARCH("declin",P57))),1,0) -> 0 | AA57: =IF(Q57=1,S57*2+T57*2+U57+IF(I57="",1,0)+IF(N57="High",2,IF(N57="Medium",1,0)),0) -> 4 | AB57: =IF(Q57=0,"",TRIM(IF(S57=1,"Follow-up overdue. ","")&IF(T57=1,"No contact "&Analysis!$B$4&"+ days. ","")&IF(U57=1,"No follow-up date. ","")&IF(I57="","No owner. ","")&IF(Z57=1,"Remarks conflict with status. ","")&IF(X57=1,"Date error (last < first). ","")&IF(Y57=1,"Future-dated contact. ",""))) -> Follow-up overdue.
A58: EMB-057 | B58: Zimbabwe | C58: Sub-Saharan Africa | D58: Chen Novak | E58: Commercial Counsellor | G58: +91 97704 41047 | H58: Initial Contact | I58: Arjun Mehta | J58: 46068 | K58: 46079 | L58: 46120 | M58: 2 | N58: Low | O58: Event | P58: Introductory email sent | Q58: =IF(OR(H58="Initial Contact",H58="In Discussion",H58="Meeting Scheduled",H58="Engaged"),1,0) -> 1 | R58: =IF(OR(K58="",K58>Analysis!$B$3),"",Analysis!$B$3-K58) -> 221 | S58: =IF(AND(Q58=1,L58<>"",L58<Analysis!$B$3),1,0) -> 1 | T58: =IF(Q58=1,IF(R58="",0,IF(R58>Analysis!$B$4,1,0)),0) -> 1 | U58: =IF(AND(Q58=1,L58=""),1,0) -> 0 | V58: =IF(TRIM(F58)="","Missing",IF(IFERROR(FIND(".",F58,FIND("@",F58)),0)>0,"Valid","Invalid")) -> Missing | W58: =IF(TRIM(G58)="","Missing",IF(OR(AND(LEFT(G58,4)="+91 ",LEN(G58)=15),AND(LEFT(G58,7)="+91 11 ",LEN(G58)=16)),"Valid","Invalid")) -> Valid | X58: =IF(AND(J58<>"",K58<>"",K58<J58),1,0) -> 0 | Y58: =IF(AND(K58<>"",K58>Analysis!$B$3),1,0) -> 0 | Z58: =IF(AND(Q58=1,ISNUMBER(SEARCH("declin",P58))),1,0) -> 0 | AA58: =IF(Q58=1,S58*2+T58*2+U58+IF(I58="",1,0)+IF(N58="High",2,IF(N58="Medium",1,0)),0) -> 4 | AB58: =IF(Q58=0,"",TRIM(IF(S58=1,"Follow-up overdue. ","")&IF(T58=1,"No contact "&Analysis!$B$4&"+ days. ","")&IF(U58=1,"No follow-up date. ","")&IF(I58="","No owner. ","")&IF(Z58=1,"Remarks conflict with status. ","")&IF(X58=1,"Date error (last < first). ","")&IF(Y58=1,"Future-dated contact. ",""))) -> Follow-up overdue. No contact 90+ days.
A59: EMB-058 | B59: Mozambique | C59: Sub-Saharan Africa | D59: Chen Khalil | E59: Protocol Officer | F59: chen.khalil@mozambique.embassy.example | G59: +91 94042 94747 | H59: On Hold | I59: Arjun Mehta | J59: 45748 | K59: 46261 | L59: 46338 | M59: 5 | N59: Low | O59: Meeting | P59: Paused - elections | Q59: =IF(OR(H59="Initial Contact",H59="In Discussion",H59="Meeting Scheduled",H59="Engaged"),1,0) -> 0 | R59: =IF(OR(K59="",K59>Analysis!$B$3),"",Analysis!$B$3-K59) -> 39 | S59: =IF(AND(Q59=1,L59<>"",L59<Analysis!$B$3),1,0) -> 0 | T59: =IF(Q59=1,IF(R59="",0,IF(R59>Analysis!$B$4,1,0)),0) -> 0 | U59: =IF(AND(Q59=1,L59=""),1,0) -> 0 | V59: =IF(TRIM(F59)="","Missing",IF(IFERROR(FIND(".",F59,FIND("@",F59)),0)>0,"Valid","Invalid")) -> Valid | W59: =IF(TRIM(G59)="","Missing",IF(OR(AND(LEFT(G59,4)="+91 ",LEN(G59)=15),AND(LEFT(G59,7)="+91 11 ",LEN(G59)=16)),"Valid","Invalid")) -> Valid | X59: =IF(AND(J59<>"",K59<>"",K59<J59),1,0) -> 0 | Y59: =IF(AND(K59<>"",K59>Analysis!$B$3),1,0) -> 0 | Z59: =IF(AND(Q59=1,ISNUMBER(SEARCH("declin",P59))),1,0) -> 0 | AA59: =IF(Q59=1,S59*2+T59*2+U59+IF(I59="",1,0)+IF(N59="High",2,IF(N59="Medium",1,0)),0) -> 0 | AB59: =IF(Q59=0,"",TRIM(IF(S59=1,"Follow-up overdue. ","")&IF(T59=1,"No contact "&Analysis!$B$4&"+ days. ","")&IF(U59=1,"No follow-up date. ","")&IF(I59="","No owner. ","")&IF(Z59=1,"Remarks conflict with status. ","")&IF(X59=1,"Date error (last < first). ","")&IF(Y59=1,"Future-dated contact. ","")))
A60: EMB-059 | B60: Angola | C60: Sub-Saharan Africa | D60: Elena Tanaka | E60: Counsellor (Public Affairs) | F60: elena.tanaka@angola.embassy.example | H60: Not Started | M60: 0 | Q60: =IF(OR(H60="Initial Contact",H60="In Discussion",H60="Meeting Scheduled",H60="Engaged"),1,0) -> 0 | R60: =IF(OR(K60="",K60>Analysis!$B$3),"",Analysis!$B$3-K60) | S60: =IF(AND(Q60=1,L60<>"",L60<Analysis!$B$3),1,0) -> 0 | T60: =IF(Q60=1,IF(R60="",0,IF(R60>Analysis!$B$4,1,0)),0) -> 0 | U60: =IF(AND(Q60=1,L60=""),1,0) -> 0 | V60: =IF(TRIM(F60)="","Missing",IF(IFERROR(FIND(".",F60,FIND("@",F60)),0)>0,"Valid","Invalid")) -> Valid | W60: =IF(TRIM(G60)="","Missing",IF(OR(AND(LEFT(G60,4)="+91 ",LEN(G60)=15),AND(LEFT(G60,7)="+91 11 ",LEN(G60)=16)),"Valid","Invalid")) -> Missing | X60: =IF(AND(J60<>"",K60<>"",K60<J60),1,0) -> 0 | Y60: =IF(AND(K60<>"",K60>Analysis!$B$3),1,0) -> 0 | Z60: =IF(AND(Q60=1,ISNUMBER(SEARCH("declin",P60))),1,0) -> 0 | AA60: =IF(Q60=1,S60*2+T60*2+U60+IF(I60="",1,0)+IF(N60="High",2,IF(N60="Medium",1,0)),0) -> 0 | AB60: =IF(Q60=0,"",TRIM(IF(S60=1,"Follow-up overdue. ","")&IF(T60=1,"No contact "&Analysis!$B$4&"+ days. ","")&IF(U60=1,"No follow-up date. ","")&IF(I60="","No owner. ","")&IF(Z60=1,"Remarks conflict with status. ","")&IF(X60=1,"Date error (last < first). ","")&IF(Y60=1,"Future-dated contact. ","")))
A61: EMB-060 | B61: Senegal | C61: Sub-Saharan Africa | D61: Stefan Larsen | E61: Protocol Officer | G61: +91 11 3057 0304 | H61: Engaged | I61: Neha Kulkarni | J61: 46131 | K61: 46225 | L61: 46245 | M61: 19 | O61: Email | P61: Joint working group formed | Q61: =IF(OR(H61="Initial Contact",H61="In Discussion",H61="Meeting Scheduled",H61="Engaged"),1,0) -> 1 | R61: =IF(OR(K61="",K61>Analysis!$B$3),"",Analysis!$B$3-K61) -> 75 | S61: =IF(AND(Q61=1,L61<>"",L61<Analysis!$B$3),1,0) -> 1 | T61: =IF(Q61=1,IF(R61="",0,IF(R61>Analysis!$B$4,1,0)),0) -> 0 | U61: =IF(AND(Q61=1,L61=""),1,0) -> 0 | V61: =IF(TRIM(F61)="","Missing",IF(IFERROR(FIND(".",F61,FIND("@",F61)),0)>0,"Valid","Invalid")) -> Missing | W61: =IF(TRIM(G61)="","Missing",IF(OR(AND(LEFT(G61,4)="+91 ",LEN(G61)=15),AND(LEFT(G61,7)="+91 11 ",LEN(G61)=16)),"Valid","Invalid")) -> Valid | X61: =IF(AND(J61<>"",K61<>"",K61<J61),1,0) -> 0 | Y61: =IF(AND(K61<>"",K61>Analysis!$B$3),1,0) -> 0 | Z61: =IF(AND(Q61=1,ISNUMBER(SEARCH("declin",P61))),1,0) -> 0 | AA61: =IF(Q61=1,S61*2+T61*2+U61+IF(I61="",1,0)+IF(N61="High",2,IF(N61="Medium",1,0)),0) -> 2 | AB61: =IF(Q61=0,"",TRIM(IF(S61=1,"Follow-up overdue. ","")&IF(T61=1,"No contact "&Analysis!$B$4&"+ days. ","")&IF(U61=1,"No follow-up date. ","")&IF(I61="","No owner. ","")&IF(Z61=1,"Remarks conflict with status. ","")&IF(X61=1,"Date error (last < first). ","")&IF(Y61=1,"Future-dated contact. ",""))) -> Follow-up overdue.
A62: EMB-061 | B62: Rwanda | C62: Sub-Saharan Africa | D62: Marco Tanaka | E62: First Secretary (Political) | F62: marco.tanaka@rwanda.embassy.example | G62: +91 90300 42637 | H62: In Discussion | I62: Sameer Khan | J62: 45772 | K62: 46388 | L62: 46313 | M62: 3 | N62: Medium | O62: Meeting | P62: Positive response | Q62: =IF(OR(H62="Initial Contact",H62="In Discussion",H62="Meeting Scheduled",H62="Engaged"),1,0) -> 1 | R62: =IF(OR(K62="",K62>Analysis!$B$3),"",Analysis!$B$3-K62) | S62: =IF(AND(Q62=1,L62<>"",L62<Analysis!$B$3),1,0) -> 0 | T62: =IF(Q62=1,IF(R62="",0,IF(R62>Analysis!$B$4,1,0)),0) -> 0 | U62: =IF(AND(Q62=1,L62=""),1,0) -> 0 | V62: =IF(TRIM(F62)="","Missing",IF(IFERROR(FIND(".",F62,FIND("@",F62)),0)>0,"Valid","Invalid")) -> Valid | W62: =IF(TRIM(G62)="","Missing",IF(OR(AND(LEFT(G62,4)="+91 ",LEN(G62)=15),AND(LEFT(G62,7)="+91 11 ",LEN(G62)=16)),"Valid","Invalid")) -> Valid | X62: =IF(AND(J62<>"",K62<>"",K62<J62),1,0) -> 0 | Y62: =IF(AND(K62<>"",K62>Analysis!$B$3),1,0) -> 1 | Z62: =IF(AND(Q62=1,ISNUMBER(SEARCH("declin",P62))),1,0) -> 0 | AA62: =IF(Q62=1,S62*2+T62*2+U62+IF(I62="",1,0)+IF(N62="High",2,IF(N62="Medium",1,0)),0) -> 1 | AB62: =IF(Q62=0,"",TRIM(IF(S62=1,"Follow-up overdue. ","")&IF(T62=1,"No contact "&Analysis!$B$4&"+ days. ","")&IF(U62=1,"No follow-up date. ","")&IF(I62="","No owner. ","")&IF(Z62=1,"Remarks conflict with status. ","")&IF(X62=1,"Date error (last < first). ","")&IF(Y62=1,"Future-dated contact. ",""))) -> Future-dated contact.
A63: EMB-062 | B63: Mauritius | C63: Sub-Saharan Africa | D63: Tariq Rossi | E63: First Secretary (Political) | F63: tariq.rossi@mauritius.embassy.example | G63: +91 97929 92398 | H63: Engaged | I63: Arjun Mehta | J63: 45873 | K63: 46273 | L63: 46295 | M63: 0 | N63: High | O63: Event | P63: Co-hosted event in Q2 | Q63: =IF(OR(H63="Initial Contact",H63="In Discussion",H63="Meeting Scheduled",H63="Engaged"),1,0) -> 1 | R63: =IF(OR(K63="",K63>Analysis!$B$3),"",Analysis!$B$3-K63) -> 27 | S63: =IF(AND(Q63=1,L63<>"",L63<Analysis!$B$3),1,0) -> 1 | T63: =IF(Q63=1,IF(R63="",0,IF(R63>Analysis!$B$4,1,0)),0) -> 0 | U63: =IF(AND(Q63=1,L63=""),1,0) -> 0 | V63: =IF(TRIM(F63)="","Missing",IF(IFERROR(FIND(".",F63,FIND("@",F63)),0)>0,"Valid","Invalid")) -> Valid | W63: =IF(TRIM(G63)="","Missing",IF(OR(AND(LEFT(G63,4)="+91 ",LEN(G63)=15),AND(LEFT(G63,7)="+91 11 ",LEN(G63)=16)),"Valid","Invalid")) -> Valid | X63: =IF(AND(J63<>"",K63<>"",K63<J63),1,0) -> 0 | Y63: =IF(AND(K63<>"",K63>Analysis!$B$3),1,0) -> 0 | Z63: =IF(AND(Q63=1,ISNUMBER(SEARCH("declin",P63))),1,0) -> 0 | AA63: =IF(Q63=1,S63*2+T63*2+U63+IF(I63="",1,0)+IF(N63="High",2,IF(N63="Medium",1,0)),0) -> 4 | AB63: =IF(Q63=0,"",TRIM(IF(S63=1,"Follow-up overdue. ","")&IF(T63=1,"No contact "&Analysis!$B$4&"+ days. ","")&IF(U63=1,"No follow-up date. ","")&IF(I63="","No owner. ","")&IF(Z63=1,"Remarks conflict with status. ","")&IF(X63=1,"Date error (last < first). ","")&IF(Y63=1,"Future-dated contact. ",""))) -> Follow-up overdue.
A64: EMB-063 | B64: United States | C64: Americas | D64: Aisha Novak | E64: Press & Information Officer | F64: aisha.novak.unitedstates.embassy.example | H64: Meeting Scheduled | J64: 46009 | K64: 46284 | L64: 46324 | M64: 8 | N64: Medium | O64: Official Letter | P64: Meeting with Ambassador pending | Q64: =IF(OR(H64="Initial Contact",H64="In Discussion",H64="Meeting Scheduled",H64="Engaged"),1,0) -> 1 | R64: =IF(OR(K64="",K64>Analysis!$B$3),"",Analysis!$B$3-K64) -> 16 | S64: =IF(AND(Q64=1,L64<>"",L64<Analysis!$B$3),1,0) -> 0 | T64: =IF(Q64=1,IF(R64="",0,IF(R64>Analysis!$B$4,1,0)),0) -> 0 | U64: =IF(AND(Q64=1,L64=""),1,0) -> 0 | V64: =IF(TRIM(F64)="","Missing",IF(IFERROR(FIND(".",F64,FIND("@",F64)),0)>0,"Valid","Invalid")) -> Invalid | W64: =IF(TRIM(G64)="","Missing",IF(OR(AND(LEFT(G64,4)="+91 ",LEN(G64)=15),AND(LEFT(G64,7)="+91 11 ",LEN(G64)=16)),"Valid","Invalid")) -> Missing | X64: =IF(AND(J64<>"",K64<>"",K64<J64),1,0) -> 0 | Y64: =IF(AND(K64<>"",K64>Analysis!$B$3),1,0) -> 0 | Z64: =IF(AND(Q64=1,ISNUMBER(SEARCH("declin",P64))),1,0) -> 0 | AA64: =IF(Q64=1,S64*2+T64*2+U64+IF(I64="",1,0)+IF(N64="High",2,IF(N64="Medium",1,0)),0) -> 2 | AB64: =IF(Q64=0,"",TRIM(IF(S64=1,"Follow-up overdue. ","")&IF(T64=1,"No contact "&Analysis!$B$4&"+ days. ","")&IF(U64=1,"No follow-up date. ","")&IF(I64="","No owner. ","")&IF(Z64=1,"Remarks conflict with status. ","")&IF(X64=1,"Date error (last < first). ","")&IF(Y64=1,"Future-dated contact. ",""))) -> No owner.
A65: EMB-064 | B65: Canada | C65: Americas | D65: Diego Mensah | E65: Second Secretary | F65: diego.mensah@canada | G65: +91 11 3662 8290 | H65: Engaged | I65: Neha Kulkarni | J65: 45687 | K65: 46212 | L65: 46271 | M65: 10 | N65: High | O65: Official Letter | P65: Co-hosted event in Q2 | Q65: =IF(OR(H65="Initial Contact",H65="In Discussion",H65="Meeting Scheduled",H65="Engaged"),1,0) -> 1 | R65: =IF(OR(K65="",K65>Analysis!$B$3),"",Analysis!$B$3-K65) -> 88 | S65: =IF(AND(Q65=1,L65<>"",L65<Analysis!$B$3),1,0) -> 1 | T65: =IF(Q65=1,IF(R65="",0,IF(R65>Analysis!$B$4,1,0)),0) -> 0 | U65: =IF(AND(Q65=1,L65=""),1,0) -> 0 | V65: =IF(TRIM(F65)="","Missing",IF(IFERROR(FIND(".",F65,FIND("@",F65)),0)>0,"Valid","Invalid")) -> Invalid | W65: =IF(TRIM(G65)="","Missing",IF(OR(AND(LEFT(G65,4)="+91 ",LEN(G65)=15),AND(LEFT(G65,7)="+91 11 ",LEN(G65)=16)),"Valid","Invalid")) -> Valid | X65: =IF(AND(J65<>"",K65<>"",K65<J65),1,0) -> 0 | Y65: =IF(AND(K65<>"",K65>Analysis!$B$3),1,0) -> 0 | Z65: =IF(AND(Q65=1,ISNUMBER(SEARCH("declin",P65))),1,0) -> 0 | AA65: =IF(Q65=1,S65*2+T65*2+U65+IF(I65="",1,0)+IF(N65="High",2,IF(N65="Medium",1,0)),0) -> 4 | AB65: =IF(Q65=0,"",TRIM(IF(S65=1,"Follow-up overdue. ","")&IF(T65=1,"No contact "&Analysis!$B$4&"+ days. ","")&IF(U65=1,"No follow-up date. ","")&IF(I65="","No owner. ","")&IF(Z65=1,"Remarks conflict with status. ","")&IF(X65=1,"Date error (last < first). ","")&IF(Y65=1,"Future-dated contact. ",""))) -> Follow-up overdue.
A66: EMB-065 | B66: Mexico | C66: Americas | D66: Elena Costa | E66: Press & Information Officer | F66: elena.costa@mexico.embassy.example | G66: +91 95060 18 | H66: Engaged | I66: Anita Deshmukh | J66: 45797 | K66: 46285 | L66: 46333 | M66: 9 | O66: Meeting | P66: Regular quarterly touchpoints | Q66: =IF(OR(H66="Initial Contact",H66="In Discussion",H66="Meeting Scheduled",H66="Engaged"),1,0) -> 1 | R66: =IF(OR(K66="",K66>Analysis!$B$3),"",Analysis!$B$3-K66) -> 15 | S66: =IF(AND(Q66=1,L66<>"",L66<Analysis!$B$3),1,0) -> 0 | T66: =IF(Q66=1,IF(R66="",0,IF(R66>Analysis!$B$4,1,0)),0) -> 0 | U66: =IF(AND(Q66=1,L66=""),1,0) -> 0 | V66: =IF(TRIM(F66)="","Missing",IF(IFERROR(FIND(".",F66,FIND("@",F66)),0)>0,"Valid","Invalid")) -> Valid | W66: =IF(TRIM(G66)="","Missing",IF(OR(AND(LEFT(G66,4)="+91 ",LEN(G66)=15),AND(LEFT(G66,7)="+91 11 ",LEN(G66)=16)),"Valid","Invalid")) -> Invalid | X66: =IF(AND(J66<>"",K66<>"",K66<J66),1,0) -> 0 | Y66: =IF(AND(K66<>"",K66>Analysis!$B$3),1,0) -> 0 | Z66: =IF(AND(Q66=1,ISNUMBER(SEARCH("declin",P66))),1,0) -> 0 | AA66: =IF(Q66=1,S66*2+T66*2+U66+IF(I66="",1,0)+IF(N66="High",2,IF(N66="Medium",1,0)),0) -> 0 | AB66: =IF(Q66=0,"",TRIM(IF(S66=1,"Follow-up overdue. ","")&IF(T66=1,"No contact "&Analysis!$B$4&"+ days. ","")&IF(U66=1,"No follow-up date. ","")&IF(I66="","No owner. ","")&IF(Z66=1,"Remarks conflict with status. ","")&IF(X66=1,"Date error (last < first). ","")&IF(Y66=1,"Future-dated contact. ","")))
A67: EMB-066 | B67: Brazil | C67: Americas | D67: Amara Kim | E67: Second Secretary | F67: amara.kim.brazil.embassy.example | G67: +91 11 8276 0821 | H67: Initial Contact | I67: Neha Kulkarni | J67: 45783 | L67: 46340 | M67: 2 | N67: Low | O67: Meeting | P67: Note verbale sent | Q67: =IF(OR(H67="Initial Contact",H67="In Discussion",H67="Meeting Scheduled",H67="Engaged"),1,0) -> 1 | R67: =IF(OR(K67="",K67>Analysis!$B$3),"",Analysis!$B$3-K67) | S67: =IF(AND(Q67=1,L67<>"",L67<Analysis!$B$3),1,0) -> 0 | T67: =IF(Q67=1,IF(R67="",0,IF(R67>Analysis!$B$4,1,0)),0) -> 0 | U67: =IF(AND(Q67=1,L67=""),1,0) -> 0 | V67: =IF(TRIM(F67)="","Missing",IF(IFERROR(FIND(".",F67,FIND("@",F67)),0)>0,"Valid","Invalid")) -> Invalid | W67: =IF(TRIM(G67)="","Missing",IF(OR(AND(LEFT(G67,4)="+91 ",LEN(G67)=15),AND(LEFT(G67,7)="+91 11 ",LEN(G67)=16)),"Valid","Invalid")) -> Valid | X67: =IF(AND(J67<>"",K67<>"",K67<J67),1,0) -> 0 | Y67: =IF(AND(K67<>"",K67>Analysis!$B$3),1,0) -> 0 | Z67: =IF(AND(Q67=1,ISNUMBER(SEARCH("declin",P67))),1,0) -> 0 | AA67: =IF(Q67=1,S67*2+T67*2+U67+IF(I67="",1,0)+IF(N67="High",2,IF(N67="Medium",1,0)),0) -> 0 | AB67: =IF(Q67=0,"",TRIM(IF(S67=1,"Follow-up overdue. ","")&IF(T67=1,"No contact "&Analysis!$B$4&"+ days. ","")&IF(U67=1,"No follow-up date. ","")&IF(I67="","No owner. ","")&IF(Z67=1,"Remarks conflict with status. ","")&IF(X67=1,"Date error (last < first). ","")&IF(Y67=1,"Future-dated contact. ","")))
A68: EMB-067 | B68: Argentina | C68: Americas | D68: Sofia Petrov | E68: Cultural Attache | F68: sofia.petrov.argentina.embassy.example | G68: +91 11 3746 5501 | H68: Meeting Scheduled | J68: 45794 | K68: 46277 | L68: 46294 | M68: 9 | N68: Medium | O68: Email | P68: Date to be confirmed | Q68: =IF(OR(H68="Initial Contact",H68="In Discussion",H68="Meeting Scheduled",H68="Engaged"),1,0) -> 1 | R68: =IF(OR(K68="",K68>Analysis!$B$3),"",Analysis!$B$3-K68) -> 23 | S68: =IF(AND(Q68=1,L68<>"",L68<Analysis!$B$3),1,0) -> 1 | T68: =IF(Q68=1,IF(R68="",0,IF(R68>Analysis!$B$4,1,0)),0) -> 0 | U68: =IF(AND(Q68=1,L68=""),1,0) -> 0 | V68: =IF(TRIM(F68)="","Missing",IF(IFERROR(FIND(".",F68,FIND("@",F68)),0)>0,"Valid","Invalid")) -> Invalid | W68: =IF(TRIM(G68)="","Missing",IF(OR(AND(LEFT(G68,4)="+91 ",LEN(G68)=15),AND(LEFT(G68,7)="+91 11 ",LEN(G68)=16)),"Valid","Invalid")) -> Valid | X68: =IF(AND(J68<>"",K68<>"",K68<J68),1,0) -> 0 | Y68: =IF(AND(K68<>"",K68>Analysis!$B$3),1,0) -> 0 | Z68: =IF(AND(Q68=1,ISNUMBER(SEARCH("declin",P68))),1,0) -> 0 | AA68: =IF(Q68=1,S68*2+T68*2+U68+IF(I68="",1,0)+IF(N68="High",2,IF(N68="Medium",1,0)),0) -> 4 | AB68: =IF(Q68=0,"",TRIM(IF(S68=1,"Follow-up overdue. ","")&IF(T68=1,"No contact "&Analysis!$B$4&"+ days. ","")&IF(U68=1,"No follow-up date. ","")&IF(I68="","No owner. ","")&IF(Z68=1,"Remarks conflict with status. ","")&IF(X68=1,"Date error (last < first). ","")&IF(Y68=1,"Future-dated contact. ",""))) -> Follow-up overdue. No owner.
A69: EMB-068 | B69: Chile | C69: Americas | D69: Kwame Haddad | E69: Counsellor (Public Affairs) | F69: kwame.haddad@chile.embassy.example | G69: +91 11 6509 8680 | H69: Initial Contact | I69: Anita Deshmukh | J69: 45931 | K69: 46287 | L69: 46305 | N69: Low | O69: Email | P69: Intro call held | Q69: =IF(OR(H69="Initial Contact",H69="In Discussion",H69="Meeting Scheduled",H69="Engaged"),1,0) -> 1 | R69: =IF(OR(K69="",K69>Analysis!$B$3),"",Analysis!$B$3-K69) -> 13 | S69: =IF(AND(Q69=1,L69<>"",L69<Analysis!$B$3),1,0) -> 0 | T69: =IF(Q69=1,IF(R69="",0,IF(R69>Analysis!$B$4,1,0)),0) -> 0 | U69: =IF(AND(Q69=1,L69=""),1,0) -> 0 | V69: =IF(TRIM(F69)="","Missing",IF(IFERROR(FIND(".",F69,FIND("@",F69)),0)>0,"Valid","Invalid")) -> Valid | W69: =IF(TRIM(G69)="","Missing",IF(OR(AND(LEFT(G69,4)="+91 ",LEN(G69)=15),AND(LEFT(G69,7)="+91 11 ",LEN(G69)=16)),"Valid","Invalid")) -> Valid | X69: =IF(AND(J69<>"",K69<>"",K69<J69),1,0) -> 0 | Y69: =IF(AND(K69<>"",K69>Analysis!$B$3),1,0) -> 0 | Z69: =IF(AND(Q69=1,ISNUMBER(SEARCH("declin",P69))),1,0) -> 0 | AA69: =IF(Q69=1,S69*2+T69*2+U69+IF(I69="",1,0)+IF(N69="High",2,IF(N69="Medium",1,0)),0) -> 0 | AB69: =IF(Q69=0,"",TRIM(IF(S69=1,"Follow-up overdue. ","")&IF(T69=1,"No contact "&Analysis!$B$4&"+ days. ","")&IF(U69=1,"No follow-up date. ","")&IF(I69="","No owner. ","")&IF(Z69=1,"Remarks conflict with status. ","")&IF(X69=1,"Date error (last < first). ","")&IF(Y69=1,"Future-dated contact. ","")))
A70: EMB-069 | B70: Colombia | C70: Americas | D70: Aisha Haddad | E70: Protocol Officer | G70: +91 11 3941 8341 | H70: Closed | I70: Anita Deshmukh | J70: 45808 | K70: 46079 | M70: 3 | N70: Low | O70: Email | P70: Not a fit at this time | Q70: =IF(OR(H70="Initial Contact",H70="In Discussion",H70="Meeting Scheduled",H70="Engaged"),1,0) -> 0 | R70: =IF(OR(K70="",K70>Analysis!$B$3),"",Analysis!$B$3-K70) -> 221 | S70: =IF(AND(Q70=1,L70<>"",L70<Analysis!$B$3),1,0) -> 0 | T70: =IF(Q70=1,IF(R70="",0,IF(R70>Analysis!$B$4,1,0)),0) -> 0 | U70: =IF(AND(Q70=1,L70=""),1,0) -> 0 | V70: =IF(TRIM(F70)="","Missing",IF(IFERROR(FIND(".",F70,FIND("@",F70)),0)>0,"Valid","Invalid")) -> Missing | W70: =IF(TRIM(G70)="","Missing",IF(OR(AND(LEFT(G70,4)="+91 ",LEN(G70)=15),AND(LEFT(G70,7)="+91 11 ",LEN(G70)=16)),"Valid","Invalid")) -> Valid | X70: =IF(AND(J70<>"",K70<>"",K70<J70),1,0) -> 0 | Y70: =IF(AND(K70<>"",K70>Analysis!$B$3),1,0) -> 0 | Z70: =IF(AND(Q70=1,ISNUMBER(SEARCH("declin",P70))),1,0) -> 0 | AA70: =IF(Q70=1,S70*2+T70*2+U70+IF(I70="",1,0)+IF(N70="High",2,IF(N70="Medium",1,0)),0) -> 0 | AB70: =IF(Q70=0,"",TRIM(IF(S70=1,"Follow-up overdue. ","")&IF(T70=1,"No contact "&Analysis!$B$4&"+ days. ","")&IF(U70=1,"No follow-up date. ","")&IF(I70="","No owner. ","")&IF(Z70=1,"Remarks conflict with status. ","")&IF(X70=1,"Date error (last < first). ","")&IF(Y70=1,"Future-dated contact. ","")))
A71: EMB-070 | B71: Peru | C71: Americas | D71: Mei Costa | E71: Commercial Counsellor | F71: mei.costa@peru.embassy.example | G71: +91 93787 76040 | H71: Initial Contact | I71: Priya Nair | J71: 45965 | K71: 46076 | L71: 46134 | M71: -3 | N71: Low | O71: Meeting | P71: Awaiting acknowledgement | Q71: =IF(OR(H71="Initial Contact",H71="In Discussion",H71="Meeting Scheduled",H71="Engaged"),1,0) -> 1 | R71: =IF(OR(K71="",K71>Analysis!$B$3),"",Analysis!$B$3-K71) -> 224 | S71: =IF(AND(Q71=1,L71<>"",L71<Analysis!$B$3),1,0) -> 1 | T71: =IF(Q71=1,IF(R71="",0,IF(R71>Analysis!$B$4,1,0)),0) -> 1 | U71: =IF(AND(Q71=1,L71=""),1,0) -> 0 | V71: =IF(TRIM(F71)="","Missing",IF(IFERROR(FIND(".",F71,FIND("@",F71)),0)>0,"Valid","Invalid")) -> Valid | W71: =IF(TRIM(G71)="","Missing",IF(OR(AND(LEFT(G71,4)="+91 ",LEN(G71)=15),AND(LEFT(G71,7)="+91 11 ",LEN(G71)=16)),"Valid","Invalid")) -> Valid | X71: =IF(AND(J71<>"",K71<>"",K71<J71),1,0) -> 0 | Y71: =IF(AND(K71<>"",K71>Analysis!$B$3),1,0) -> 0 | Z71: =IF(AND(Q71=1,ISNUMBER(SEARCH("declin",P71))),1,0) -> 0 | AA71: =IF(Q71=1,S71*2+T71*2+U71+IF(I71="",1,0)+IF(N71="High",2,IF(N71="Medium",1,0)),0) -> 4 | AB71: =IF(Q71=0,"",TRIM(IF(S71=1,"Follow-up overdue. ","")&IF(T71=1,"No contact "&Analysis!$B$4&"+ days. ","")&IF(U71=1,"No follow-up date. ","")&IF(I71="","No owner. ","")&IF(Z71=1,"Remarks conflict with status. ","")&IF(X71=1,"Date error (last < first). ","")&IF(Y71=1,"Future-dated contact. ",""))) -> Follow-up overdue. No contact 90+ days.
A72: EMB-071 | B72: Cuba | C72: Americas | D72: Amara Kim | E72: Cultural Attache | F72: amara.kim@cuba.embassy.example | G72: +91 11 7766 0471 | H72: Meeting Scheduled | I72: Neha Kulkarni | J72: 46072 | K72: 46227 | L72: 46264 | M72: 6 | N72: Medium | O72: Email | P72: Meeting with Ambassador pending | Q72: =IF(OR(H72="Initial Contact",H72="In Discussion",H72="Meeting Scheduled",H72="Engaged"),1,0) -> 1 | R72: =IF(OR(K72="",K72>Analysis!$B$3),"",Analysis!$B$3-K72) -> 73 | S72: =IF(AND(Q72=1,L72<>"",L72<Analysis!$B$3),1,0) -> 1 | T72: =IF(Q72=1,IF(R72="",0,IF(R72>Analysis!$B$4,1,0)),0) -> 0 | U72: =IF(AND(Q72=1,L72=""),1,0) -> 0 | V72: =IF(TRIM(F72)="","Missing",IF(IFERROR(FIND(".",F72,FIND("@",F72)),0)>0,"Valid","Invalid")) -> Valid | W72: =IF(TRIM(G72)="","Missing",IF(OR(AND(LEFT(G72,4)="+91 ",LEN(G72)=15),AND(LEFT(G72,7)="+91 11 ",LEN(G72)=16)),"Valid","Invalid")) -> Valid | X72: =IF(AND(J72<>"",K72<>"",K72<J72),1,0) -> 0 | Y72: =IF(AND(K72<>"",K72>Analysis!$B$3),1,0) -> 0 | Z72: =IF(AND(Q72=1,ISNUMBER(SEARCH("declin",P72))),1,0) -> 0 | AA72: =IF(Q72=1,S72*2+T72*2+U72+IF(I72="",1,0)+IF(N72="High",2,IF(N72="Medium",1,0)),0) -> 3 | AB72: =IF(Q72=0,"",TRIM(IF(S72=1,"Follow-up overdue. ","")&IF(T72=1,"No contact "&Analysis!$B$4&"+ days. ","")&IF(U72=1,"No follow-up date. ","")&IF(I72="","No owner. ","")&IF(Z72=1,"Remarks conflict with status. ","")&IF(X72=1,"Date error (last < first). ","")&IF(Y72=1,"Future-dated contact. ",""))) -> Follow-up overdue.
A73: EMB-072 | B73: Venezuela | C73: Americas | D73: Omar Schmidt | E73: First Secretary (Political) | F73: omar.schmidt@venezuela.embassy.example | G73: +91 11 8926 8771 | H73: Initial Contact | I73: Neha Kulkarni | J73: 45960 | K73: 46287 | L73: 46339 | M73: 2 | N73: Low | O73: Event | P73: Note verbale sent | Q73: =IF(OR(H73="Initial Contact",H73="In Discussion",H73="Meeting Scheduled",H73="Engaged"),1,0) -> 1 | R73: =IF(OR(K73="",K73>Analysis!$B$3),"",Analysis!$B$3-K73) -> 13 | S73: =IF(AND(Q73=1,L73<>"",L73<Analysis!$B$3),1,0) -> 0 | T73: =IF(Q73=1,IF(R73="",0,IF(R73>Analysis!$B$4,1,0)),0) -> 0 | U73: =IF(AND(Q73=1,L73=""),1,0) -> 0 | V73: =IF(TRIM(F73)="","Missing",IF(IFERROR(FIND(".",F73,FIND("@",F73)),0)>0,"Valid","Invalid")) -> Valid | W73: =IF(TRIM(G73)="","Missing",IF(OR(AND(LEFT(G73,4)="+91 ",LEN(G73)=15),AND(LEFT(G73,7)="+91 11 ",LEN(G73)=16)),"Valid","Invalid")) -> Valid | X73: =IF(AND(J73<>"",K73<>"",K73<J73),1,0) -> 0 | Y73: =IF(AND(K73<>"",K73>Analysis!$B$3),1,0) -> 0 | Z73: =IF(AND(Q73=1,ISNUMBER(SEARCH("declin",P73))),1,0) -> 0 | AA73: =IF(Q73=1,S73*2+T73*2+U73+IF(I73="",1,0)+IF(N73="High",2,IF(N73="Medium",1,0)),0) -> 0 | AB73: =IF(Q73=0,"",TRIM(IF(S73=1,"Follow-up overdue. ","")&IF(T73=1,"No contact "&Analysis!$B$4&"+ days. ","")&IF(U73=1,"No follow-up date. ","")&IF(I73="","No owner. ","")&IF(Z73=1,"Remarks conflict with status. ","")&IF(X73=1,"Date error (last < first). ","")&IF(Y73=1,"Future-dated contact. ","")))
A74: EMB-073 | B74: Ecuador | C74: Americas | D74: Diego Rossi | E74: Protocol Officer | F74: diego.rossi@ecuador.embassy.example | G74: +91 11 5896 5164 | H74: In Discussion | I74: Anita Deshmukh | J74: 46208 | K74: 46278 | L74: 46307 | M74: 4 | N74: Medium | O74: Meeting | P74: Positive response | Q74: =IF(OR(H74="Initial Contact",H74="In Discussion",H74="Meeting Scheduled",H74="Engaged"),1,0) -> 1 | R74: =IF(OR(K74="",K74>Analysis!$B$3),"",Analysis!$B$3-K74) -> 22 | S74: =IF(AND(Q74=1,L74<>"",L74<Analysis!$B$3),1,0) -> 0 | T74: =IF(Q74=1,IF(R74="",0,IF(R74>Analysis!$B$4,1,0)),0) -> 0 | U74: =IF(AND(Q74=1,L74=""),1,0) -> 0 | V74: =IF(TRIM(F74)="","Missing",IF(IFERROR(FIND(".",F74,FIND("@",F74)),0)>0,"Valid","Invalid")) -> Valid | W74: =IF(TRIM(G74)="","Missing",IF(OR(AND(LEFT(G74,4)="+91 ",LEN(G74)=15),AND(LEFT(G74,7)="+91 11 ",LEN(G74)=16)),"Valid","Invalid")) -> Valid | X74: =IF(AND(J74<>"",K74<>"",K74<J74),1,0) -> 0 | Y74: =IF(AND(K74<>"",K74>Analysis!$B$3),1,0) -> 0 | Z74: =IF(AND(Q74=1,ISNUMBER(SEARCH("declin",P74))),1,0) -> 0 | AA74: =IF(Q74=1,S74*2+T74*2+U74+IF(I74="",1,0)+IF(N74="High",2,IF(N74="Medium",1,0)),0) -> 1 | AB74: =IF(Q74=0,"",TRIM(IF(S74=1,"Follow-up overdue. ","")&IF(T74=1,"No contact "&Analysis!$B$4&"+ days. ","")&IF(U74=1,"No follow-up date. ","")&IF(I74="","No owner. ","")&IF(Z74=1,"Remarks conflict with status. ","")&IF(X74=1,"Date error (last < first). ","")&IF(Y74=1,"Future-dated contact. ","")))
A75: EMB-074 | B75: Guyana | C75: Americas | D75: Elena Rossi | E75: Cultural Attache | F75: elena.rossi@guyana.embassy.example | H75: Not Started | I75: Anita Deshmukh | K75: 46210 | M75: 3 | P75: Priority list - Q4 | Q75: =IF(OR(H75="Initial Contact",H75="In Discussion",H75="Meeting Scheduled",H75="Engaged"),1,0) -> 0 | R75: =IF(OR(K75="",K75>Analysis!$B$3),"",Analysis!$B$3-K75) -> 90 | S75: =IF(AND(Q75=1,L75<>"",L75<Analysis!$B$3),1,0) -> 0 | T75: =IF(Q75=1,IF(R75="",0,IF(R75>Analysis!$B$4,1,0)),0) -> 0 | U75: =IF(AND(Q75=1,L75=""),1,0) -> 0 | V75: =IF(TRIM(F75)="","Missing",IF(IFERROR(FIND(".",F75,FIND("@",F75)),0)>0,"Valid","Invalid")) -> Valid | W75: =IF(TRIM(G75)="","Missing",IF(OR(AND(LEFT(G75,4)="+91 ",LEN(G75)=15),AND(LEFT(G75,7)="+91 11 ",LEN(G75)=16)),"Valid","Invalid")) -> Missing | X75: =IF(AND(J75<>"",K75<>"",K75<J75),1,0) -> 0 | Y75: =IF(AND(K75<>"",K75>Analysis!$B$3),1,0) -> 0 | Z75: =IF(AND(Q75=1,ISNUMBER(SEARCH("declin",P75))),1,0) -> 0 | AA75: =IF(Q75=1,S75*2+T75*2+U75+IF(I75="",1,0)+IF(N75="High",2,IF(N75="Medium",1,0)),0) -> 0 | AB75: =IF(Q75=0,"",TRIM(IF(S75=1,"Follow-up overdue. ","")&IF(T75=1,"No contact "&Analysis!$B$4&"+ days. ","")&IF(U75=1,"No follow-up date. ","")&IF(I75="","No owner. ","")&IF(Z75=1,"Remarks conflict with status. ","")&IF(X75=1,"Date error (last < first). ","")&IF(Y75=1,"Future-dated contact. ","")))
A76: EMB-075 | B76: Panama | C76: Americas | D76: Hiroshi Hassan | E76: Protocol Officer | F76: hiroshi.hassan@panama.embassy.example | G76: +91 96929 84427 | H76: Not Started | I76: Rahul Verma | M76: 0 | Q76: =IF(OR(H76="Initial Contact",H76="In Discussion",H76="Meeting Scheduled",H76="Engaged"),1,0) -> 0 | R76: =IF(OR(K76="",K76>Analysis!$B$3),"",Analysis!$B$3-K76) | S76: =IF(AND(Q76=1,L76<>"",L76<Analysis!$B$3),1,0) -> 0 | T76: =IF(Q76=1,IF(R76="",0,IF(R76>Analysis!$B$4,1,0)),0) -> 0 | U76: =IF(AND(Q76=1,L76=""),1,0) -> 0 | V76: =IF(TRIM(F76)="","Missing",IF(IFERROR(FIND(".",F76,FIND("@",F76)),0)>0,"Valid","Invalid")) -> Valid | W76: =IF(TRIM(G76)="","Missing",IF(OR(AND(LEFT(G76,4)="+91 ",LEN(G76)=15),AND(LEFT(G76,7)="+91 11 ",LEN(G76)=16)),"Valid","Invalid")) -> Valid | X76: =IF(AND(J76<>"",K76<>"",K76<J76),1,0) -> 0 | Y76: =IF(AND(K76<>"",K76>Analysis!$B$3),1,0) -> 0 | Z76: =IF(AND(Q76=1,ISNUMBER(SEARCH("declin",P76))),1,0) -> 0 | AA76: =IF(Q76=1,S76*2+T76*2+U76+IF(I76="",1,0)+IF(N76="High",2,IF(N76="Medium",1,0)),0) -> 0 | AB76: =IF(Q76=0,"",TRIM(IF(S76=1,"Follow-up overdue. ","")&IF(T76=1,"No contact "&Analysis!$B$4&"+ days. ","")&IF(U76=1,"No follow-up date. ","")&IF(I76="","No owner. ","")&IF(Z76=1,"Remarks conflict with status. ","")&IF(X76=1,"Date error (last < first). ","")&IF(Y76=1,"Future-dated contact. ","")))
A77: EMB-076 | B77: Uruguay | C77: Americas | D77: Pavel Larsen | E77: Commercial Counsellor | F77: pavel.larsen@uruguay.embassy.example | H77: Engaged | I77: Rahul Verma | J77: 45884 | K77: 46277 | L77: 46321 | M77: 8 | O77: Event | P77: Co-hosted event in Q2 | Q77: =IF(OR(H77="Initial Contact",H77="In Discussion",H77="Meeting Scheduled",H77="Engaged"),1,0) -> 1 | R77: =IF(OR(K77="",K77>Analysis!$B$3),"",Analysis!$B$3-K77) -> 23 | S77: =IF(AND(Q77=1,L77<>"",L77<Analysis!$B$3),1,0) -> 0 | T77: =IF(Q77=1,IF(R77="",0,IF(R77>Analysis!$B$4,1,0)),0) -> 0 | U77: =IF(AND(Q77=1,L77=""),1,0) -> 0 | V77: =IF(TRIM(F77)="","Missing",IF(IFERROR(FIND(".",F77,FIND("@",F77)),0)>0,"Valid","Invalid")) -> Valid | W77: =IF(TRIM(G77)="","Missing",IF(OR(AND(LEFT(G77,4)="+91 ",LEN(G77)=15),AND(LEFT(G77,7)="+91 11 ",LEN(G77)=16)),"Valid","Invalid")) -> Missing | X77: =IF(AND(J77<>"",K77<>"",K77<J77),1,0) -> 0 | Y77: =IF(AND(K77<>"",K77>Analysis!$B$3),1,0) -> 0 | Z77: =IF(AND(Q77=1,ISNUMBER(SEARCH("declin",P77))),1,0) -> 0 | AA77: =IF(Q77=1,S77*2+T77*2+U77+IF(I77="",1,0)+IF(N77="High",2,IF(N77="Medium",1,0)),0) -> 0 | AB77: =IF(Q77=0,"",TRIM(IF(S77=1,"Follow-up overdue. ","")&IF(T77=1,"No contact "&Analysis!$B$4&"+ days. ","")&IF(U77=1,"No follow-up date. ","")&IF(I77="","No owner. ","")&IF(Z77=1,"Remarks conflict with status. ","")&IF(X77=1,"Date error (last < first). ","")&IF(Y77=1,"Future-dated contact. ","")))
A78: EMB-077 | B78: Bangladesh | C78: South & Central Asia | D78: Carla Hassan | E78: First Secretary (Political) | F78: carla.hassan@bangladesh.embassy.example | H78: Initial Contact | I78: Rahul Verma | J78: 45844 | K78: 46276 | N78: Low | O78: Email | P78: Awaiting acknowledgement | Q78: =IF(OR(H78="Initial Contact",H78="In Discussion",H78="Meeting Scheduled",H78="Engaged"),1,0) -> 1 | R78: =IF(OR(K78="",K78>Analysis!$B$3),"",Analysis!$B$3-K78) -> 24 | S78: =IF(AND(Q78=1,L78<>"",L78<Analysis!$B$3),1,0) -> 0 | T78: =IF(Q78=1,IF(R78="",0,IF(R78>Analysis!$B$4,1,0)),0) -> 0 | U78: =IF(AND(Q78=1,L78=""),1,0) -> 1 | V78: =IF(TRIM(F78)="","Missing",IF(IFERROR(FIND(".",F78,FIND("@",F78)),0)>0,"Valid","Invalid")) -> Valid | W78: =IF(TRIM(G78)="","Missing",IF(OR(AND(LEFT(G78,4)="+91 ",LEN(G78)=15),AND(LEFT(G78,7)="+91 11 ",LEN(G78)=16)),"Valid","Invalid")) -> Missing | X78: =IF(AND(J78<>"",K78<>"",K78<J78),1,0) -> 0 | Y78: =IF(AND(K78<>"",K78>Analysis!$B$3),1,0) -> 0 | Z78: =IF(AND(Q78=1,ISNUMBER(SEARCH("declin",P78))),1,0) -> 0 | AA78: =IF(Q78=1,S78*2+T78*2+U78+IF(I78="",1,0)+IF(N78="High",2,IF(N78="Medium",1,0)),0) -> 1 | AB78: =IF(Q78=0,"",TRIM(IF(S78=1,"Follow-up overdue. ","")&IF(T78=1,"No contact "&Analysis!$B$4&"+ days. ","")&IF(U78=1,"No follow-up date. ","")&IF(I78="","No owner. ","")&IF(Z78=1,"Remarks conflict with status. ","")&IF(X78=1,"Date error (last < first). ","")&IF(Y78=1,"Future-dated contact. ",""))) -> No follow-up date.
A79: EMB-078 | B79: Sri Lanka | C79: South & Central Asia | D79: Fatima Kim | E79: First Secretary (Political) | F79: fatima.kim@srilanka.embassy.example | G79: +91 11 7029 5292 | H79: On Hold | I79: Sameer Khan | J79: 46314 | K79: 45847 | L79: 46380 | M79: 5 | N79: Low | O79: Phone | P79: Awaiting HQ approval | Q79: =IF(OR(H79="Initial Contact",H79="In Discussion",H79="Meeting Scheduled",H79="Engaged"),1,0) -> 0 | R79: =IF(OR(K79="",K79>Analysis!$B$3),"",Analysis!$B$3-K79) -> 453 | S79: =IF(AND(Q79=1,L79<>"",L79<Analysis!$B$3),1,0) -> 0 | T79: =IF(Q79=1,IF(R79="",0,IF(R79>Analysis!$B$4,1,0)),0) -> 0 | U79: =IF(AND(Q79=1,L79=""),1,0) -> 0 | V79: =IF(TRIM(F79)="","Missing",IF(IFERROR(FIND(".",F79,FIND("@",F79)),0)>0,"Valid","Invalid")) -> Valid | W79: =IF(TRIM(G79)="","Missing",IF(OR(AND(LEFT(G79,4)="+91 ",LEN(G79)=15),AND(LEFT(G79,7)="+91 11 ",LEN(G79)=16)),"Valid","Invalid")) -> Valid | X79: =IF(AND(J79<>"",K79<>"",K79<J79),1,0) -> 1 | Y79: =IF(AND(K79<>"",K79>Analysis!$B$3),1,0) -> 0 | Z79: =IF(AND(Q79=1,ISNUMBER(SEARCH("declin",P79))),1,0) -> 0 | AA79: =IF(Q79=1,S79*2+T79*2+U79+IF(I79="",1,0)+IF(N79="High",2,IF(N79="Medium",1,0)),0) -> 0 | AB79: =IF(Q79=0,"",TRIM(IF(S79=1,"Follow-up overdue. ","")&IF(T79=1,"No contact "&Analysis!$B$4&"+ days. ","")&IF(U79=1,"No follow-up date. ","")&IF(I79="","No owner. ","")&IF(Z79=1,"Remarks conflict with status. ","")&IF(X79=1,"Date error (last < first). ","")&IF(Y79=1,"Future-dated contact. ","")))
A80: EMB-079 | B80: Nepal | C80: South & Central Asia | D80: Sofia Rossi | E80: Press & Information Officer | G80: +91 91145 94609 | H80: Engaged | I80: Priya Nair | J80: 46009 | K80: 46211 | L80: 46227 | M80: 10 | N80: Medium | O80: Email | P80: Regular quarterly touchpoints | Q80: =IF(OR(H80="Initial Contact",H80="In Discussion",H80="Meeting Scheduled",H80="Engaged"),1,0) -> 1 | R80: =IF(OR(K80="",K80>Analysis!$B$3),"",Analysis!$B$3-K80) -> 89 | S80: =IF(AND(Q80=1,L80<>"",L80<Analysis!$B$3),1,0) -> 1 | T80: =IF(Q80=1,IF(R80="",0,IF(R80>Analysis!$B$4,1,0)),0) -> 0 | U80: =IF(AND(Q80=1,L80=""),1,0) -> 0 | V80: =IF(TRIM(F80)="","Missing",IF(IFERROR(FIND(".",F80,FIND("@",F80)),0)>0,"Valid","Invalid")) -> Missing | W80: =IF(TRIM(G80)="","Missing",IF(OR(AND(LEFT(G80,4)="+91 ",LEN(G80)=15),AND(LEFT(G80,7)="+91 11 ",LEN(G80)=16)),"Valid","Invalid")) -> Valid | X80: =IF(AND(J80<>"",K80<>"",K80<J80),1,0) -> 0 | Y80: =IF(AND(K80<>"",K80>Analysis!$B$3),1,0) -> 0 | Z80: =IF(AND(Q80=1,ISNUMBER(SEARCH("declin",P80))),1,0) -> 0 | AA80: =IF(Q80=1,S80*2+T80*2+U80+IF(I80="",1,0)+IF(N80="High",2,IF(N80="Medium",1,0)),0) -> 3 | AB80: =IF(Q80=0,"",TRIM(IF(S80=1,"Follow-up overdue. ","")&IF(T80=1,"No contact "&Analysis!$B$4&"+ days. ","")&IF(U80=1,"No follow-up date. ","")&IF(I80="","No owner. ","")&IF(Z80=1,"Remarks conflict with status. ","")&IF(X80=1,"Date error (last < first). ","")&IF(Y80=1,"Future-dated contact. ",""))) -> Follow-up overdue.
A81: EMB-080 | B81: Bhutan | C81: South & Central Asia | D81: Kwame Garcia | E81: Commercial Counsellor | F81: kwame.garcia@bhutan.embassy.example | G81: +91 11 8083 7819 | H81: Initial Contact | I81: Arjun Mehta | J81: 45738 | K81: 46206 | L81: 46224 | M81: 1 | O81: Email | P81: Note verbale sent | Q81: =IF(OR(H81="Initial Contact",H81="In Discussion",H81="Meeting Scheduled",H81="Engaged"),1,0) -> 1 | R81: =IF(OR(K81="",K81>Analysis!$B$3),"",Analysis!$B$3-K81) -> 94 | S81: =IF(AND(Q81=1,L81<>"",L81<Analysis!$B$3),1,0) -> 1 | T81: =IF(Q81=1,IF(R81="",0,IF(R81>Analysis!$B$4,1,0)),0) -> 1 | U81: =IF(AND(Q81=1,L81=""),1,0) -> 0 | V81: =IF(TRIM(F81)="","Missing",IF(IFERROR(FIND(".",F81,FIND("@",F81)),0)>0,"Valid","Invalid")) -> Valid | W81: =IF(TRIM(G81)="","Missing",IF(OR(AND(LEFT(G81,4)="+91 ",LEN(G81)=15),AND(LEFT(G81,7)="+91 11 ",LEN(G81)=16)),"Valid","Invalid")) -> Valid | X81: =IF(AND(J81<>"",K81<>"",K81<J81),1,0) -> 0 | Y81: =IF(AND(K81<>"",K81>Analysis!$B$3),1,0) -> 0 | Z81: =IF(AND(Q81=1,ISNUMBER(SEARCH("declin",P81))),1,0) -> 0 | AA81: =IF(Q81=1,S81*2+T81*2+U81+IF(I81="",1,0)+IF(N81="High",2,IF(N81="Medium",1,0)),0) -> 4 | AB81: =IF(Q81=0,"",TRIM(IF(S81=1,"Follow-up overdue. ","")&IF(T81=1,"No contact "&Analysis!$B$4&"+ days. ","")&IF(U81=1,"No follow-up date. ","")&IF(I81="","No owner. ","")&IF(Z81=1,"Remarks conflict with status. ","")&IF(X81=1,"Date error (last < first). ","")&IF(Y81=1,"Future-dated contact. ",""))) -> Follow-up overdue. No contact 90+ days.
A82: EMB-081 | B82: Maldives | C82: South & Central Asia | D82: Pavel Costa | E82: Counsellor (Public Affairs) | G82: +91 11 7210 2549 | H82: In Discussion | I82: Arjun Mehta | J82: 45840 | K82: 46193 | L82: 46242 | M82: 5 | N82: Medium | O82: Email | P82: Exploring joint programme | Q82: =IF(OR(H82="Initial Contact",H82="In Discussion",H82="Meeting Scheduled",H82="Engaged"),1,0) -> 1 | R82: =IF(OR(K82="",K82>Analysis!$B$3),"",Analysis!$B$3-K82) -> 107 | S82: =IF(AND(Q82=1,L82<>"",L82<Analysis!$B$3),1,0) -> 1 | T82: =IF(Q82=1,IF(R82="",0,IF(R82>Analysis!$B$4,1,0)),0) -> 1 | U82: =IF(AND(Q82=1,L82=""),1,0) -> 0 | V82: =IF(TRIM(F82)="","Missing",IF(IFERROR(FIND(".",F82,FIND("@",F82)),0)>0,"Valid","Invalid")) -> Missing | W82: =IF(TRIM(G82)="","Missing",IF(OR(AND(LEFT(G82,4)="+91 ",LEN(G82)=15),AND(LEFT(G82,7)="+91 11 ",LEN(G82)=16)),"Valid","Invalid")) -> Valid | X82: =IF(AND(J82<>"",K82<>"",K82<J82),1,0) -> 0 | Y82: =IF(AND(K82<>"",K82>Analysis!$B$3),1,0) -> 0 | Z82: =IF(AND(Q82=1,ISNUMBER(SEARCH("declin",P82))),1,0) -> 0 | AA82: =IF(Q82=1,S82*2+T82*2+U82+IF(I82="",1,0)+IF(N82="High",2,IF(N82="Medium",1,0)),0) -> 5 | AB82: =IF(Q82=0,"",TRIM(IF(S82=1,"Follow-up overdue. ","")&IF(T82=1,"No contact "&Analysis!$B$4&"+ days. ","")&IF(U82=1,"No follow-up date. ","")&IF(I82="","No owner. ","")&IF(Z82=1,"Remarks conflict with status. ","")&IF(X82=1,"Date error (last < first). ","")&IF(Y82=1,"Future-dated contact. ",""))) -> Follow-up overdue. No contact 90+ days.
A83: EMB-082 | B83: Kazakhstan | C83: South & Central Asia | D83: Amara Alvarez | E83: Press & Information Officer | F83: amara.alvarez@kazakhstan.embassy.example | G83: +91 99516 85424 | H83: Meeting Scheduled | I83: Priya Nair | J83: 46192 | K83: 46281 | L83: 46312 | M83: 7 | N83: High | O83: Email | P83: Date to be confirmed | Q83: =IF(OR(H83="Initial Contact",H83="In Discussion",H83="Meeting Scheduled",H83="Engaged"),1,0) -> 1 | R83: =IF(OR(K83="",K83>Analysis!$B$3),"",Analysis!$B$3-K83) -> 19 | S83: =IF(AND(Q83=1,L83<>"",L83<Analysis!$B$3),1,0) -> 0 | T83: =IF(Q83=1,IF(R83="",0,IF(R83>Analysis!$B$4,1,0)),0) -> 0 | U83: =IF(AND(Q83=1,L83=""),1,0) -> 0 | V83: =IF(TRIM(F83)="","Missing",IF(IFERROR(FIND(".",F83,FIND("@",F83)),0)>0,"Valid","Invalid")) -> Valid | W83: =IF(TRIM(G83)="","Missing",IF(OR(AND(LEFT(G83,4)="+91 ",LEN(G83)=15),AND(LEFT(G83,7)="+91 11 ",LEN(G83)=16)),"Valid","Invalid")) -> Valid | X83: =IF(AND(J83<>"",K83<>"",K83<J83),1,0) -> 0 | Y83: =IF(AND(K83<>"",K83>Analysis!$B$3),1,0) -> 0 | Z83: =IF(AND(Q83=1,ISNUMBER(SEARCH("declin",P83))),1,0) -> 0 | AA83: =IF(Q83=1,S83*2+T83*2+U83+IF(I83="",1,0)+IF(N83="High",2,IF(N83="Medium",1,0)),0) -> 2 | AB83: =IF(Q83=0,"",TRIM(IF(S83=1,"Follow-up overdue. ","")&IF(T83=1,"No contact "&Analysis!$B$4&"+ days. ","")&IF(U83=1,"No follow-up date. ","")&IF(I83="","No owner. ","")&IF(Z83=1,"Remarks conflict with status. ","")&IF(X83=1,"Date error (last < first). ","")&IF(Y83=1,"Future-dated contact. ","")))
A84: EMB-083 | B84: Uzbekistan | C84: South & Central Asia | D84: Andrei Haddad | E84: Press & Information Officer | F84: andrei.haddad@uzbekistan.embassy.example | G84: +91 96340 56135 | H84: Initial Contact | I84: Priya Nair | J84: 46092 | K84: 46251 | L84: 46275 | M84: 2 | N84: Low | O84: Official Letter | P84: Introductory email sent | Q84: =IF(OR(H84="Initial Contact",H84="In Discussion",H84="Meeting Scheduled",H84="Engaged"),1,0) -> 1 | R84: =IF(OR(K84="",K84>Analysis!$B$3),"",Analysis!$B$3-K84) -> 49 | S84: =IF(AND(Q84=1,L84<>"",L84<Analysis!$B$3),1,0) -> 1 | T84: =IF(Q84=1,IF(R84="",0,IF(R84>Analysis!$B$4,1,0)),0) -> 0 | U84: =IF(AND(Q84=1,L84=""),1,0) -> 0 | V84: =IF(TRIM(F84)="","Missing",IF(IFERROR(FIND(".",F84,FIND("@",F84)),0)>0,"Valid","Invalid")) -> Valid | W84: =IF(TRIM(G84)="","Missing",IF(OR(AND(LEFT(G84,4)="+91 ",LEN(G84)=15),AND(LEFT(G84,7)="+91 11 ",LEN(G84)=16)),"Valid","Invalid")) -> Valid | X84: =IF(AND(J84<>"",K84<>"",K84<J84),1,0) -> 0 | Y84: =IF(AND(K84<>"",K84>Analysis!$B$3),1,0) -> 0 | Z84: =IF(AND(Q84=1,ISNUMBER(SEARCH("declin",P84))),1,0) -> 0 | AA84: =IF(Q84=1,S84*2+T84*2+U84+IF(I84="",1,0)+IF(N84="High",2,IF(N84="Medium",1,0)),0) -> 2 | AB84: =IF(Q84=0,"",TRIM(IF(S84=1,"Follow-up overdue. ","")&IF(T84=1,"No contact "&Analysis!$B$4&"+ days. ","")&IF(U84=1,"No follow-up date. ","")&IF(I84="","No owner. ","")&IF(Z84=1,"Remarks conflict with status. ","")&IF(X84=1,"Date error (last < first). ","")&IF(Y84=1,"Future-dated contact. ",""))) -> Follow-up overdue.
A85: EMB-084 | B85: Afghanistan | C85: South & Central Asia | D85: Fatima Zhang | E85: Second Secretary | F85: fatima.zhang@afghanistan.embassy.example | H85: Not Started | I85: Sameer Khan | M85: 0 | Q85: =IF(OR(H85="Initial Contact",H85="In Discussion",H85="Meeting Scheduled",H85="Engaged"),1,0) -> 0 | R85: =IF(OR(K85="",K85>Analysis!$B$3),"",Analysis!$B$3-K85) | S85: =IF(AND(Q85=1,L85<>"",L85<Analysis!$B$3),1,0) -> 0 | T85: =IF(Q85=1,IF(R85="",0,IF(R85>Analysis!$B$4,1,0)),0) -> 0 | U85: =IF(AND(Q85=1,L85=""),1,0) -> 0 | V85: =IF(TRIM(F85)="","Missing",IF(IFERROR(FIND(".",F85,FIND("@",F85)),0)>0,"Valid","Invalid")) -> Valid | W85: =IF(TRIM(G85)="","Missing",IF(OR(AND(LEFT(G85,4)="+91 ",LEN(G85)=15),AND(LEFT(G85,7)="+91 11 ",LEN(G85)=16)),"Valid","Invalid")) -> Missing | X85: =IF(AND(J85<>"",K85<>"",K85<J85),1,0) -> 0 | Y85: =IF(AND(K85<>"",K85>Analysis!$B$3),1,0) -> 0 | Z85: =IF(AND(Q85=1,ISNUMBER(SEARCH("declin",P85))),1,0) -> 0 | AA85: =IF(Q85=1,S85*2+T85*2+U85+IF(I85="",1,0)+IF(N85="High",2,IF(N85="Medium",1,0)),0) -> 0 | AB85: =IF(Q85=0,"",TRIM(IF(S85=1,"Follow-up overdue. ","")&IF(T85=1,"No contact "&Analysis!$B$4&"+ days. ","")&IF(U85=1,"No follow-up date. ","")&IF(I85="","No owner. ","")&IF(Z85=1,"Remarks conflict with status. ","")&IF(X85=1,"Date error (last < first). ","")&IF(Y85=1,"Future-dated contact. ","")))

Sheet Raw_Data
A1: Embassy_ID | B1: Country | C1: Region | D1: Contact_Person | E1: Designation | F1: Email | G1: Phone | H1: Outreach_Status | I1: Outreach_Owner | J1: First_Contact_Date | K1: Last_Contact_Date | L1: Next_Followup_Date | M1: Interactions | N1: Engagement_Level | O1: Channel | P1: Remarks | R1: Source extract exactly as received (not modified). Dates stored as text appear left-aligned.
A2: EMB-001 | B2: france | C2: Europe | D2: Mei Schmidt | E2: Counsellor (Public Affairs) | F2: mei.schmidt@france.embassy.example | G2: +91 91399 86987 | H2: Not Started | I2: Neha Kulkarni | M2: 0 | P2: Priority list - Q4
A3: EMB-002 | B3: Germany | C3: Europe | D3: Stefan Haddad | E3: Commercial Counsellor | F3: stefan.haddad@germany.embassy.example | G3: +911181707536 | H3: Initial Contact Made | I3: Priya Nair | J3: 46057 | K3: 46078 | L3: 46132 | M3: 1 | N3: Low | O3: Email | P3: Intro call held
A4: EMB-003 | B4: Italy | D4: Kwame Okafor | E4: Counsellor (Public Affairs) | F4: kwame.okafor@italy.embassy.example | G4: +91 11 2698 7168 | H4: On Hold | I4: Neha Kulkarni | J4: 46079 | K4: 46143 | L4: 46257 | M4: 6 | O4: Phone | P4: Awaiting HQ approval
A5: EMB-004 | B5: Spain | C5: Europe | D5: Leila Bergstrom | E5: Protocol Officer | F5: leila.bergstrom@spain.embassy.example | G5: +91 11 3731 7784 | H5: Engaged | I5: Sameer Khan | J5: 46233 | K5: 46248 | L5: 46287 | M5: 19 | N5: High | O5: Phone | P5: Regular quarterly touchpoints
A6: EMB-005 | B6: Portugal | C6: Europe | D6: Omar Khalil | E6: Counsellor (Public Affairs) | F6: omar.khalil@portugal.embassy.example | G6: +91 97876 80457 | H6: In Discussion | I6: Anita Deshmukh | J6: 46199 | K6: 46270 | L6: 46295 | M6: 8 | N6: Low | O6: Official Letter | P6: Positive response
A7: EMB-006 | B7: Netherlands | C7: Europe | D7: Carla Alvarez | E7: Counsellor (Public Affairs) | F7: carla.alvarez@netherlands.embassy.example | G7: +91 11 8193 3190 | H7: not started | I7: Neha Kulkarni | K7: 46249 | M7: 2 | P7: Contact details to be verified
A8: EMB-007 | B8: Belgium | C8: Europe | D8: Amara Okafor | E8: Protocol Officer | F8: amara.okafor@belgium.embassy.example | G8: +91 11 4997 2837 | H8: Engaged | I8: Rahul Verma | J8: 45758 | K8: 46294 | L8: 46316 | N8: Medium | O8: Event | P8: Regular quarterly touchpoints
A9: EMB-008 | B9: Switzerland | C9: Europe | D9: Elena Rossi | E9: Protocol Officer | F9: elena.rossi@switzerland.embassy.example | G9: +91 11 4475 1779 | H9: Meeting Scheduled | I9: Rahul Verma | J9: 46204 | K9: 46280 | O9: Official Letter | P9: Meeting with Ambassador pending
A10: EMB-009 | B10: Austria | C10: Europe | D10: Amara Petrov | E10: Second Secretary | G10: +91 11 7028 3 | H10: not started | M10: 0 | P10: Priority list - Q4
A11: EMB-010 | B11: Sweden | C11: Europe | D11: Joao Garcia | E11: Commercial Counsellor | F11: joao.garcia@sweden.embassy.example | G11: +91 96425 24776 | H11: Initial Contact Made | I11: Sameer Khan | J11: 46005 | M11: 2 | N11: Medium | O11: Event | P11: Awaiting acknowledgement
A12: EMB-011 | B12: Norway | C12: Europe | D12: Diego Mensah | E12: Second Secretary | F12: diego.mensah@norway.embassy.example | G12: +91 95258 98319 | H12: On Hold | I12: Priya Nair | J12: 2025-08-22 | K12: 46233 | L12: 46310 | M12: 2 | N12: Low | O12: Email | P12: Paused - elections
A13: EMB-012 | B13: Denmark | C13: Europe | D13: Mei Moreau | E13: First Secretary (Political) | F13: mei.moreau@denmark.embassy.example | G13: +91 11 8145 2441 | H13: Meeting Scheduled | I13: Sameer Khan | J13: 46096 | K13: 46195 | L13: 46215 | M13: 6 | N13: Medium | O13: Email | P13: Date to be confirmed
A14: EMB-013 | B14: Finland | C14: Europe | D14: Stefan Petrov | E14: First Secretary (Political) | F14: stefan.petrov@finland.embassy.example | G14: +91 11 5158 4645 | H14: In Discussion | I14: Arjun Mehta | J14: 45696 | K14: 46289 | L14: 46321 | M14: 5 | N14: Medium | O14: Email | P14: Positive response
A15: EMB-014 | B15: Poland | C15: Europe | D15: Aisha Tanaka | E15: Press & Information Officer | F15: aisha.tanaka@poland.embassy.example | G15: +91 11 4940 6925 | H15: Meeting Scheduled | I15: Sameer Khan | J15: 45917 | K15: 46383 | M15: 8 | N15: Medium | O15: Phone | P15: Date to be confirmed
A16: EMB-015 | B16: Czechia | C16: europe | D16: Sofia Larsen | E16: Counsellor (Public Affairs) | F16: sofia.larsen@czechrepubli.embassy.example | G16: +91 99128 08458 | H16: In Discussion | I16: Arjun Mehta | J16: 45729 | K16: 46269 | L16: 46323 | M16: 6 | N16: High | O16: Official Letter | P16: Reviewing MoU wording
A17: EMB-016 | B17: Hungary | C17: Europe | D17: Fatima Moreau | E17: Cultural Attache | F17: fatima.moreau@hungary.embassy.example | H17: Initial Contact | I17: Arjun Mehta | J17: 45829 | K17: 46299 | M17: 2 | N17: Low | O17: Official Letter | P17: Note verbale sent
A18: EMB-017 | B18: Greece | D18: Omar Alvarez | E18: First Secretary (Political) | F18: omar.alvarez@greece.embassy.example | G18: +91 11 2668 8281 | H18: Not Started | I18: Rahul Verma | M18: 0 | P18: Priority list - Q4
A19: EMB-018 | B19: Ireland | C19: Europe | D19: Fatima Novak | E19: Cultural Attache | F19: fatima.novak@ireland.embassy.example | G19: +91 11 6324 4845 | H19: In Discussion | I19: Sameer Khan | J19: 45681 | K19: 46087 | L19: 46128 | M19: 0 | N19: Medium | O19: Phone | P19: Draft proposal shared
A20: EMB-019 | B20: UK | C20: europe | D20: Amara Rossi | E20: Cultural Attache | F20: amara.rossi@unitedkingdo.embassy.example | G20: +91 91543 82993 | H20: On Hold | I20: Anita Deshmukh | J20: 46168 | K20: 46273 | L20: 46379 | M20: 4 | N20: Low | O20: Event | P20: Awaiting HQ approval
A21: EMB-020 | B21: Russian Federation | C21: Europe | D21: Carla Alvarez | E21: Press & Information Officer | F21: carla.alvarez@russia.embassy.example | G21: +91 11 2174 4325 | H21: Engaged | I21: Neha Kulkarni | J21: 46002 | K21: 46083 | L21: 46122 | M21: 18 | N21: High | O21: Event | P21: Regular quarterly touchpoints
A22: EMB-021 | B22: Japan | D22: Omar Larsen | E22: Counsellor (Public Affairs) | F22: omar.larsen@japan.embassy.example | G22: +91 11 6264 5154 | H22: Meeting Scheduled | I22: Sameer Khan | J22: 45820 | K22: 46252 | L22: 46280 | M22: 8 | N22: Medium | O22: Meeting | P22: Date to be confirmed
A23: EMB-022 | B23: Korea (South) | C23: Asia-Pacific | D23: Sofia Silva | E23: Second Secretary | F23: sofia.silva@southkorea.embassy.example | G23: +91 97883 65506 | H23: Engaged | I23: Rahul Verma | J23: 45945 | K23: 46253 | L23: 46275 | M23: 0 | O23: Meeting | P23: Embassy declined further participation
A24: EMB-023 | B24: China | C24: Asia-Pacific | D24: Fatima Moreau | E24: Second Secretary | F24: fatima.moreau@china.embassy.example | G24: +91 11 3784 9518 | H24: Engaged | I24: Rahul Verma | J24: 45769 | K24: 46292 | L24: 46335 | M24: 8 | N24: High | O24: Email | P24: Active collaboration
A25: EMB-024 | B25: Indonesia | C25: Asia-Pacific | D25: Andrei Tanaka | E25: Protocol Officer | F25: andrei.tanaka@indonesia.embassy.example | G25: +91 11 7837 5555 | H25: Initial Contact | J25: 46172 | K25: 46173 | L25: 46228 | M25: 2 | N25: Medium | O25: Meeting | P25: Intro call held
A26: EMB-025 | B26: Malaysia | C26: Asia-Pacific | D26: Nadia Tanaka | E26: Protocol Officer | F26: nadia.tanaka@malaysia.embassy.example | G26: +91 91884 79 | H26: Initial Contact | I26: Priya Nair | J26: 45997 | K26: 46246 | L26: 46271 | M26: 1 | N26: Medium | O26: Meeting | P26: Note verbale sent
A27: EMB-026 | B27: Singapore | C27: Asia-Pacific | D27: Omar Rossi | E27: Counsellor (Public Affairs) | F27: omar.rossi@singapore.embassy.example | G27: +91 11 3688 2834 | H27: Closed | I27: Arjun Mehta | J27: 45811 | K27: 46216 | M27: 2 | N27: Low | O27: Email | P27: Declined - policy restrictions
A28: EMB-027 | B28: Thailand | C28: Asia-Pacific | D28: Diego Alvarez | E28: Second Secretary | F28: diego.alvarez@thailand.embassy.example | G28: +91 11 7044 2248 | H28: Engaged | I28: Priya Nair | J28: 46140 | K28: 46277 | L28: 46294 | M28: 12 | N28: High | O28: Event | P28: Co-hosted event in Q2
A29: EMB-028 | B29: Vietnam | C29: Asia-Pacific | D29: Diego Garcia | E29: Commercial Counsellor | F29: diego.garcia@vietnam.embassy.example | G29: +91 11 4280 7001 | H29: Not Started | I29: Neha Kulkarni | K29: 46199 | M29: 1 | P29: Contact details to be verified
A30: EMB-029 | B30: Philippines | C30: Asia-Pacific | D30: Elena Mensah | E30: Second Secretary | F30: elena.mensah@philippines.embassy.example | G30: +91 11 8166 3233 | H30: In Discussion | I30: Sameer Khan | J30: 46053 | K30: 46272 | L30: 46313 | M30: 6 | N30: Medium | O30: Email | P30: Draft proposal shared
A31: EMB-030 | B31: Australia | C31: Asia-Pacific | D31: Pavel Petrov | E31: Cultural Attache | F31: pavel.petrov@australia.embassy.example | G31: +91 11 2592 1236 | H31: On hold | I31: Sameer Khan | J31: 46232 | K31: 46241 | L31: 46348 | M31: 6 | N31: Low | O31: Event | P31: Embassy leadership change
A32: EMB-031 | B32: New Zealand | C32: Asia-Pacific | D32: Kwame Yilmaz | E32: Press & Information Officer | F32: kwame.yilmaz@newzealand.embassy.example | G32: +91 11 7908 5417 | H32: Meeting Scheduled | I32: Priya Nair | J32: 46210 | K32: 46218 | L32: 46250 | M32: 8 | O32: Phone | P32: Venue finalised
A33: EMB-032 | B33: Mongolia | C33: Asia-Pacific | D33: Elena Larsen | E33: First Secretary (Political) | F33: elena.larsen@mongolia.embassy.example | G33: +91 92016 12840 | H33: In Discussion | I33: Arjun Mehta | J33: 46205 | L33: 46307 | M33: 5 | N33: Medium | O33: Phone | P33: Exploring joint programme
A34: EMB-033 | B34: Myanmar | C34: Asia-Pacific | D34: Stefan Mensah | E34: First Secretary (Political) | F34: stefan.mensah@myanmar | G34: +91 11 8197 9678 | H34: in discussion | I34: Sameer Khan | J34: 46065 | K34: 46236 | L34: 14/09/2026 | M34: 5 | N34: Medium | O34: Meeting | P34: Draft proposal shared
A35: EMB-034 | B35: Cambodia | C35: Asia-Pacific | D35: Mei Silva | E35: Counsellor (Public Affairs) | F35: mei.silva@cambodia.embassy.example | G35: +91 11 8391 8276 | H35: In Discussion | J35: 46097 | K35: 46299 | L35: 46328 | M35: 3 | N35: Low | O35: Email | P35: Embassy declined further participation
A36: EMB-035 | B36: UAE | C36: Middle East & North Africa | D36: Leila Nguyen | E36: Second Secretary | F36: leila.nguyen@unitedarabem.embassy.example | G36: +91 11 5805 7803 | H36: Hold | I36: Arjun Mehta | J36: 45720 | K36: 46294 | L36: 46395 | M36: 4 | N36: Low | O36: Email | P36: Awaiting HQ approval
A37: EMB-036 | B37: Saudi Arabia | C37: MENA | D37: Nadia Nguyen | E37: First Secretary (Political) | F37: nadia.nguyen@saudiarabia.embassy.example | G37: +91 11 8085 3867 | H37: Meeting Scheduled | I37: Rahul Verma | J37: 45687 | K37: 46282 | L37: 46301 | M37: 8 | N37: High | O37: Official Letter | P37: Meeting with Ambassador pending
A38: EMB-037 | B38: Qatar | C38: Middle East & North Africa | D38: Carla Haddad | E38: Cultural Attache | F38: carla.haddad@qatar.embassy.example | G38: +91 11 2298 3725 | H38: Engaged | I38: Sameer Khan | J38: 45814 | K38: 46287 | L38: 46306 | M38: 16 | N38: High | O38: Meeting | P38: Active collaboration
A39: EMB-038 | B39: Kuwait | C39: Middle East & North Africa | D39: Yuki Zhang | E39: Second Secretary | F39: yuki.zhang@kuwait.embassy.example | G39: +91 99992 48005 | H39: Initial Contact | I39: Rahul Verma | J39: 45771 | K39: 46332 | L39: 46308 | M39: 2 | N39: Low | O39: Official Letter | P39: Note verbale sent
A40: EMB-039 | B40: Oman | C40: Middle East & North Africa | D40: Amara Rossi | E40: Press & Information Officer | F40: amara.rossi@oman.embassy.example | G40: +91 11 2135 7164 | H40: In Discussion | J40: 45928 | K40: 46280 | L40: 46320 | M40: 5 | O40: Meeting | P40: Reviewing MoU wording
A41: EMB-040 | B41: Bahrain | C41: Middle East & North Africa | D41: Yuki Zhang | E41: Press & Information Officer | F41: yuki.zhang@bahrain.embassy.example | G41: +91 95213 62958 | H41: engaged | I41: Rahul Verma | J41: 46227 | K41: 46245 | M41: 20 | N41: High | O41: Email | P41: Regular quarterly touchpoints
A42: EMB-041 | B42: Iran | C42: Middle East & North Africa | D42: Diego Alvarez | E42: Commercial Counsellor | F42: diego.alvarez@iran.embassy.example | G42: 1157094098 | H42: Hold | I42: Neha Kulkarni | J42: 46095 | K42: 46277 | L42: 46377 | M42: 6 | O42: Phone | P42: Awaiting HQ approval
A43: EMB-042 | B43: Iraq | C43: Middle East & North Africa | D43: Stefan Okafor | E43: Cultural Attache | F43: stefan.okafor@iraq.embassy.example | G43: +91 93896 50133 | H43: In Discussion | I43: Sameer Khan | J43: 46156 | K43: 2026-05-27 | L43: 46210 | M43: 5 | N43: Medium | O43: Phone | P43: Positive response
A44: EMB-043 | B44: Israel | D44: Aisha Garcia | E44: First Secretary (Political) | F44: aisha.garcia@israel.embassy.example | G44: +91 11 4011 5276 | H44: On Hold | I44: Arjun Mehta | J44: 45867 | K44: 46068 | L44: 46183 | M44: 2 | N44: Low | O44: Email | P44: Embassy leadership change
A45: EMB-044 | B45: Jordan | C45: Middle East & North Africa | D45: Andrei Larsen | E45: Press & Information Officer | F45: andrei.larsen@jordan.embassy.example | G45: +911177617 | H45: Closed | I45: Priya Nair | J45: 45772 | K45: 46105 | M45: 2 | N45: Low | O45: Meeting | P45: Not a fit at this time
A46: EMB-045 | B46: Egypt | C46: Sub-Saharan Africa | D46: Fatima Garcia | E46: Press & Information Officer | F46: fatima.garcia@egypt.embassy.example | G46: +91-9351619945 | H46: Engaged | I46: Neha Kulkarni | J46: 45911 | K46: 46231 | L46: 46278 | M46: 10 | N46: High | O46: Email | P46: Regular quarterly touchpoints
A47: EMB-046 | B47: Morocco | C47: Middle East & North Africa | D47: Pavel Alvarez | E47: First Secretary (Political) | F47: pavel.alvarez@morocco.embassy.example | G47: +91 11 4844 4193 | H47: Closed | I47: Rahul Verma | J47: 46235 | K47: 46017 | N47: Low | O47: Official Letter | P47: Not a fit at this time
A48: EMB-047 | B48: Algeria | C48: Middle East & North Africa | D48: Carla Alvarez | E48: First Secretary (Political) | F48: carla.alvarez@algeria.embassy.example | G48: +91 11 5505 6547 | H48: Engaged | I48: Priya Nair | J48: 46149 | L48: 46358 | M48: 0 | N48: High | O48: Official Letter | P48: Joint working group formed
A49: EMB-048 | B49: Turkey | C49: Europe | D49: Omar Petrov | E49: Second Secretary | G49: +91 11 3205 9871 | H49: Initial Contact | I49: Neha Kulkarni | J49: 45968 | K49: 46272 | L49: 46312 | M49: 1 | N49: Medium | O49: Phone | P49: Introductory email sent
A50: EMB-049 | B50: South Africa | C50: Sub-Saharan Africa | D50: Pavel Rossi | E50: Cultural Attache | F50: pavel.rossi.southafrica.embassy.example | G50: +91 94658 73064 | H50: On Hold | I50: Priya Nair | J50: 46221 | K50: 46287 | L50: 46392 | N50: Low | O50: Event | P50: Paused - elections
A51: EMB-050 | B51: Nigeria | C51: Sub Saharan Africa | D51: Andrei Petrov | E51: Counsellor (Public Affairs) | F51: andrei.petrov@nigeria.embassy.example | G51: +91 11 7789 2352 | H51: Engaged | I51: Arjun Mehta | J51: 2025-02-15 | K51: 46160 | L51: 46203 | M51: 12 | N51: Medium | O51: Email | P51: Embassy declined further participation
A52: EMB-051 | B52: Kenya | C52: Sub-Saharan Africa | D52: Joao Nguyen | E52: Cultural Attache | F52: joao.nguyen@kenya.embassy.example | G52: +91 11 6137 8522 | H52: Not Started | M52: 0 | P52: Contact details to be verified
A53: EMB-052 | B53: Ethiopia | C53: Sub Saharan Africa | D53: Yuki Khalil | E53: Second Secretary | F53: yuki.khalil@ethiopia.embassy.example | H53: Engaged | I53: Neha Kulkarni | J53: 45965 | K53: 46073 | L53: 46090 | M53: 10 | N53: High | O53: Official Letter | P53: Co-hosted event in Q2
A54: EMB-053 | B54: Ghana | C54: Sub-Saharan Africa | D54: Omar Novak | E54: Second Secretary | F54: omar.novak@ghana.embassy.example | G54: +911176175442 | H54: Engaged | I54: Anita Deshmukh | J54: 46292 | K54: 45970 | L54: 46290 | M54: 6 | N54: High | O54: Phone | P54: Active collaboration
A55: EMB-054 | B55: Tanzania | C55: Sub-Saharan Africa | D55: Sofia Nguyen | E55: Counsellor (Public Affairs) | F55: sofia.nguyen@tanzania.embassy.example | G55: +91 93059 77605 | H55: In Discussion | I55: Priya Nair | J55: 46226 | K55: 46246 | M55: 6 | N55: High | O55: Phone | P55: Draft proposal shared
A56: EMB-055 | B56: Uganda | C56: Sub-Saharan Africa | D56: Tariq Sato | E56: Second Secretary | F56: tariq.sato@uganda.embassy.example | G56: +91 11 7514 1363 | H56: Hold | I56: Rahul Verma | J56: 46288 | K56: 45890 | L56: 46338 | M56: 5 | N56: Low | O56: Email | P56: Awaiting HQ approval
A57: EMB-056 | B57: Zambia | C57: Sub-Saharan Africa | D57: Ingrid Novak | E57: Counsellor (Public Affairs) | F57: ingrid.novak@zambia.embassy.example | G57: +91 94668 63166 | H57: meeting scheduled | I57: Priya Nair | J57: 46228 | K57: 46233 | L57: 46292 | M57: 10 | N57: High | O57: Phone | P57: Meeting with Ambassador pending
A58: EMB-057 | B58: Zimbabwe | C58: Sub Saharan Africa | D58: Chen Novak | E58: Commercial Counsellor | G58: +91 97704 41047 | H58: Initial Contact | I58: Arjun Mehta | J58: 46068 | K58: 46079 | L58: 46120 | M58: 2 | N58: Low | O58: Event | P58: Introductory email sent
A59: EMB-058 | B59: Mozambique | C59: Sub-Saharan Africa | D59: Chen Khalil | E59: Protocol Officer | F59: chen.khalil@mozambique.embassy.example | G59: +91 94042 94747 | H59: On Hold | I59: Arjun Mehta | J59: 45748 | K59: 46261 | L59: 46338 | M59: 5 | N59: Low | O59: Meeting | P59: Paused - elections
A60: EMB-059 | B60: Angola | C60: Sub-Saharan Africa | D60: Elena Tanaka | E60: Counsellor (Public Affairs) | F60: elena.tanaka@angola.embassy.example | H60: Not Started | M60: 0
B61: Senegal | C61: Sub-Saharan Africa | D61: Stefan Larsen | E61: Protocol Officer | G61: +91 11 3057 0304 | H61: Engaged | I61: Neha Kulkarni | J61: 46131 | K61: 46225 | L61: 46245 | M61: 19 | O61: Email | P61: Joint working group formed
A62: EMB-061 | B62: Rwanda | C62: Sub-Saharan Africa | D62: Marco Tanaka | E62: First Secretary (Political) | F62: marco.tanaka@rwanda.embassy.example | G62: +91 90300 42637 | H62: In Discussion | I62: Sameer Khan | J62: 45772 | K62: 46388 | L62: 46313 | M62: 3 | N62: Medium | O62: Meeting | P62: Positive response
A63: EMB-062 | B63: Mauritius | C63: Sub-Saharan Africa | D63: Tariq Rossi | E63: First Secretary (Political) | F63: tariq.rossi@mauritius.embassy.example | G63: +91 97929 92398 | H63: Engaged | I63: Arjun Mehta | J63: 45873 | K63: 46273 | L63: 46295 | M63: 0 | N63: High | O63: Event | P63: Co-hosted event in Q2
B64: USA | C64: Americas | D64: Aisha Novak | E64: Press & Information Officer | F64: aisha.novak.unitedstates.embassy.example | H64: Meeting Scheduled | J64: 46009 | K64: 46284 | L64: 46324 | M64: 8 | N64: Medium | O64: Official Letter | P64: Meeting with Ambassador pending
A65: EMB-064 | B65: Canada | C65: N. America | D65: Diego Mensah | E65: Second Secretary | F65: diego.mensah@canada | G65: +91 11 3662 8290 | H65: Engaged | I65: Neha Kulkarni | J65: 45687 | K65: 46212 | L65: 46271 | M65: 10 | N65: High | O65: Official Letter | P65: Co-hosted event in Q2
A66: EMB-065 | B66: Mexico | C66: Americas | D66: Elena Costa | E66: Press & Information Officer | F66: elena.costa@mexico.embassy.example | G66: +91 95060 18 | H66: Engaged | I66: Anita Deshmukh | J66: 45797 | K66: 46285 | L66: 46333 | M66: 9 | O66: Meeting | P66: Regular quarterly touchpoints
A67: EMB-066 | B67: Brazil | C67: Americas | D67: Amara Kim | E67: Second Secretary | F67: amara.kim.brazil.embassy.example | G67: +91 11 8276 0821 | H67: Initial Contact | I67: Neha Kulkarni | J67: 45783 | L67: 46340 | M67: 2 | N67: Low | O67: Meeting | P67: Note verbale sent
A68: EMB-067 | B68: Argentina | C68: Americas | D68: Sofia Petrov | E68: Cultural Attache | F68: sofia.petrov.argentina.embassy.example | G68: +91 11 3746 5501 | H68: meeting scheduled | J68: 45794 | K68: 46277 | L68: 46294 | M68: 9 | N68: Medium | O68: Email | P68: Date to be confirmed
A69: EMB-068 | B69: Chile | C69: Americas | D69: Kwame Haddad | E69: Counsellor (Public Affairs) | F69: kwame.haddad@chile.embassy.example | G69: +91 11 6509 8680 | H69: Initial Contact | I69: Anita Deshmukh | J69: 45931 | K69: 46287 | L69: 46305 | N69: Low | O69: Email | P69: Intro call held
A70: EMB-069 | B70: Colombia | C70: N. America | D70: Aisha Haddad | E70: Protocol Officer | G70: +91 11 3941 8341 | H70: closed | I70: Anita Deshmukh | J70: 45808 | K70: 46079 | M70: 3 | N70: Low | O70: Email | P70: Not a fit at this time
A71: EMB-070 | B71: Peru | C71: Americas | D71: Mei Costa | E71: Commercial Counsellor | F71: mei.costa@peru.embassy.example | G71: +91-9378776040 | H71: Initial Contact | I71: Priya Nair | J71: 45965 | K71: 46076 | L71: 46134 | M71: -3 | N71: Low | O71: Meeting | P71: Awaiting acknowledgement
A72: EMB-071 | B72: Cuba | D72: Amara Kim | E72: Cultural Attache | F72: amara.kim@cuba.embassy.example | G72: +91 11 7766 0471 | H72: Meeting Scheduled | I72: Neha Kulkarni | J72: 46072 | K72: 24/07/2026 | L72: 46264 | M72: 6 | N72: Medium | O72: Email | P72: Meeting with Ambassador pending
A73: EMB-072 | B73: Venezuela | C73: Americas | D73: Omar Schmidt | E73: First Secretary (Political) | F73: omar.schmidt@venezuela.embassy.example | G73: +91 11 8926 8771 | H73: Initial Contact | I73: Neha Kulkarni | J73: 45960 | K73: 46287 | L73: 46339 | M73: 2 | N73: Low | O73: Event | P73: Note verbale sent
A74: EMB-073 | B74: Ecuador | C74: Americas | D74: Diego Rossi | E74: Protocol Officer | F74: diego.rossi@ecuador.embassy.example | G74: +91 11 5896 5164 | H74: In Discussion | I74: Anita Deshmukh | J74: 46208 | K74: 46278 | L74: 46307 | M74: 4 | N74: Medium | O74: Meeting | P74: Positive response
A75: EMB-074 | B75: Guyana | C75: Americas | D75: Elena Rossi | E75: Cultural Attache | F75: elena.rossi@guyana.embassy.example | H75: Not Started | I75: Anita Deshmukh | K75: 46210 | M75: 3 | P75: Priority list - Q4
A76: EMB-075 | B76: Panama | C76: Americas | D76: Hiroshi Hassan | E76: Protocol Officer | F76: hiroshi.hassan@panama.embassy.example | G76: +91 96929 84427 | H76: Not Started | I76: Rahul Verma | M76: 0
A77: EMB-076 | B77: Uruguay | C77: Americas | D77: Pavel Larsen | E77: Commercial Counsellor | F77: pavel.larsen@uruguay.embassy.example | H77: Engaged | I77: Rahul Verma | J77: 45884 | K77: 46277 | L77: 46321 | M77: 8 | O77: Event | P77: Co-hosted event in Q2
A78: EMB-077 | B78: Bangladesh | C78: South & Central Asia | D78: Carla Hassan | E78: First Secretary (Political) | F78: carla.hassan@bangladesh.embassy.example | H78: Initial Contact | I78: Rahul Verma | J78: 45844 | K78: 46276 | N78: Low | O78: Email | P78: Awaiting acknowledgement
A79: EMB-078 | B79: Sri Lanka | C79: South & Central Asia | D79: Fatima Kim | E79: First Secretary (Political) | F79: fatima.kim@srilanka.embassy.example | G79: +91 11 7029 5292 | H79: On Hold | I79: Sameer Khan | J79: 46314 | K79: 45847 | L79: 46380 | M79: 5 | N79: Low | O79: Phone | P79: Awaiting HQ approval
A80: EMB-079 | B80: Nepal | C80: South & Central Asia | D80: Sofia Rossi | E80: Press & Information Officer | G80: +91 91145 94609 | H80: Engaged | I80: Priya Nair | J80: 46009 | K80: 46211 | L80: 24/07/2026 | M80: 10 | N80: Medium | O80: Email | P80: Regular quarterly touchpoints
A81: EMB-080 | B81: Bhutan | C81: South & Central Asia | D81: Kwame Garcia | E81: Commercial Counsellor | F81: kwame.garcia@bhutan.embassy.example | G81: +91 11 8083 7819 | H81: Initial Contact | I81: Arjun Mehta | J81: 45738 | K81: 46206 | L81: 46224 | M81: 1 | O81: Email | P81: Note verbale sent
A82: EMB-081 | B82: Maldives | C82: South & Central Asia | D82: Pavel Costa | E82: Counsellor (Public Affairs) | G82: +91 11 7210 2549 | H82: In Discussion | I82: Arjun Mehta | J82: 02/07/2025 | K82: 46193 | L82: 46242 | M82: 5 | N82: Medium | O82: Email | P82: Exploring joint programme
A83: EMB-082 | B83: Kazakhstan | C83: Asia-Pacific | D83: Amara Alvarez | E83: Press & Information Officer | F83: amara.alvarez@kazakhstan.embassy.example | G83: +91 99516 85424 | H83: Meeting Scheduled | I83: Priya Nair | J83: 46192 | K83: 16/09/2026 | L83: 46312 | M83: 7 | N83: High | O83: Email | P83: Date to be confirmed
A84: EMB-083 | B84: Uzbekistan | C84: South & Central Asia | D84: Andrei Haddad | E84: Press & Information Officer | F84: andrei.haddad@uzbekistan.embassy.example | G84: +91-9634056135 | H84: Initial Contact | I84: Priya Nair | J84: 46092 | K84: 46251 | L84: 46275 | M84: 2 | N84: Low | O84: Official Letter | P84: Introductory email sent
A85: EMB-084 | B85: Afghanistan | C85: South & Central Asia | D85: Fatima Zhang | E85: Second Secretary | F85: fatima.zhang@afghanistan.embassy.example | H85: Not Started | I85: Sameer Khan | M85: 0
A86: EMB-066 | B86: Brazil | C86: Americas | D86: Amara Kim | E86: Second Secretary | F86: amara.kim.brazil.embassy.example | G86: +91 11 8276 0821 | H86: Initial Contact | I86: Neha Kulkarni | J86: 45783 | L86: 46340 | M86: 2 | N86: Low | O86: Meeting | P86: Note verbale sent
A87: EMB-010 | B87: Sweden | C87: Europe | D87: Joao Garcia | E87: Commercial Counsellor | F87: joao.garcia@sweden.embassy.example | G87: +91 96425 24776 | H87: Initial Contact Made | I87: Sameer Khan | J87: 46005 | M87: 2 | N87: Medium | O87: Event | P87: Awaiting acknowledgement
A88: EMB-051 | B88: Kenya | C88: Sub-Saharan Africa | D88: Joao Nguyen | E88: Cultural Attache | F88: joao.nguyen@kenya.embassy.example | G88: +91 11 6137 8522 | H88: Not Started | M88: 0 | P88: Contact details to be verified
A89: EMB-037 | B89: Qatar | C89: Middle East & North Africa | D89: Carla Haddad | E89: Cultural Attache | F89: carla.haddad@qatar.embassy.example | G89: +91 11 2298 3725 | H89: Engaged | I89: Sameer Khan | J89: 45814 | K89: 46244 | L89: 46306 | M89: 16 | N89: High | O89: Meeting | P89: Active collaboration
A90: EMB-094 | B90: Mexico | C90: Americas | D90: Pedro Nguyen | E90: Press & Information Officer | F90: elena.costa@mexico.embassy.example | G90: +91 95060 18 | H90: Engaged | I90: Anita Deshmukh | J90: 45797 | K90: 46285 | L90: 46333 | M90: 9 | O90: Meeting | P90: Duplicate entry? contact updated
A91: EMB-095 | B91: Singapore | C91: Asia-Pacific | D91: Tariq Kim | E91: Counsellor (Public Affairs) | F91: omar.rossi@singapore.embassy.example | G91: +91 11 3688 2834 | H91: Closed | I91: Arjun Mehta | J91: 45811 | K91: 46216 | M91: 2 | N91: Low | O91: Email | P91: Duplicate entry? contact updated
A92: EMB-096 | B92: GHANA | C92: Sub-Saharan Africa | D92: Aisha Zhang | E92: Second Secretary | F92: omar.novak@ghana.embassy.example | G92: +911176175442 | H92: Engaged | I92: Anita Deshmukh | J92: 46292 | K92: 45970 | L92: 46290 | M92: 6 | N92: High | O92: Phone | P92: Duplicate entry? contact updated

Sheet DQ_Checks
A1: Raw Row | B1: Embassy_ID | C1: Country not in master list | D1: Region missing | E1: Region non-standard | F1: Status non-standard | G1: Email missing | H1: Email invalid | I1: Phone missing | J1: Phone format non-standard | K1: Owner missing | L1: Engagement missing (contacted) | M1: Date stored as text | N1: Interactions missing | O1: Interactions negative | P1: Extra spaces in name fields | Q1: Duplicate Embassy_ID | R1: 'Not Started' but has activity | S1: Last contact missing (contacted) | T1: Embassy_ID missing | U1: Region conflicts with country | V1: Any issue (1/0)
A2: =ROW()-1 -> 1 | B2: =IF(TRIM(Raw_Data!A2)="","(blank)",Raw_Data!A2) -> EMB-001 | C2: =IF(SUMPRODUCT(--EXACT(Raw_Data!B2,Lists!$E$2:$E$85))=0,1,0) -> 1 | D2: =IF(TRIM(Raw_Data!C2)="",1,0) -> 0 | E2: =IF(AND(TRIM(Raw_Data!C2)<>"",SUMPRODUCT(--EXACT(Raw_Data!C2,Lists!$C$2:$C$7))=0),1,0) -> 0 | F2: =IF(SUMPRODUCT(--EXACT(Raw_Data!H2,Lists!$A$2:$A$8))=0,1,0) -> 0 | G2: =IF(TRIM(Raw_Data!F2)="",1,0) -> 0 | H2: =IF(G2=1,0,IF(IFERROR(FIND(".",Raw_Data!F2,FIND("@",Raw_Data!F2)),0)>0,0,1)) -> 0 | I2: =IF(TRIM(Raw_Data!G2)="",1,0) -> 0 | J2: =IF(I2=1,0,IF(OR(AND(LEFT(Raw_Data!G2,4)="+91 ",LEN(Raw_Data!G2)=15),AND(LEFT(Raw_Data!G2,7)="+91 11 ",LEN(Raw_Data!G2)=16)),0,1)) -> 0 | K2: =IF(TRIM(Raw_Data!I2)="",1,0) -> 0 | L2: =IF(AND(TRIM(Raw_Data!N2)="",ISERROR(SEARCH("not started",Raw_Data!H2))),1,0) -> 0 | M2: =IF(OR(ISTEXT(Raw_Data!J2),ISTEXT(Raw_Data!K2),ISTEXT(Raw_Data!L2)),1,0) -> 0 | N2: =IF(Raw_Data!M2="",1,0) -> 0 | O2: =IF(AND(ISNUMBER(Raw_Data!M2),Raw_Data!M2<0),1,0) -> 0 | P2: =IF(OR(Raw_Data!B2<>TRIM(Raw_Data!B2),Raw_Data!D2<>TRIM(Raw_Data!D2)),1,0) -> 0 | Q2: =IF(AND(TRIM(Raw_Data!A2)<>"",COUNTIF(Raw_Data!$A$2:$A$92,Raw_Data!A2)>1),1,0) -> 0 | R2: =IF(AND(ISNUMBER(SEARCH("not started",Raw_Data!H2)),OR(N(Raw_Data!M2)>0,Raw_Data!K2<>"")),1,0) -> 0 | S2: =IF(AND(ISERROR(SEARCH("not started",Raw_Data!H2)),Raw_Data!K2=""),1,0) -> 0 | T2: =IF(TRIM(Raw_Data!A2)="",1,0) -> 0 | U2: =IF(OR(D2=1,E2=1),0,IF(IFERROR(INDEX(Lists!$F$2:$F$85,MATCH(TRIM(Raw_Data!B2),Lists!$E$2:$E$85,0)),Raw_Data!C2)=Raw_Data!C2,0,1)) -> 0 | V2: =IF(SUM(C2:U2)>0,1,0) -> 1
